chrom	start	end	mean_value
chr4	150500000	152500000	50
chr13	76500000	78500000	50
chrX	75500000	77500000	50
chr1	196500000	198500000	49.75
chrX	126500000	128500000	49.75
chr6	27000000	29000000	49.5
chr6	27500000	29500000	49.5
chr1	190000000	192000000	49.25
chr2	41000000	43000000	49.25
chr4	150000000	152000000	49.25
chr6	28000000	30000000	49.25
chr6	28500000	30500000	49.25
chr7	55000000	57000000	49.25
chr12	91000000	93000000	49.25
chr13	76000000	78000000	49.25
chr2	54500000	56500000	49
chr4	151000000	153000000	49
chr5	60500000	62500000	49
chr8	111500000	113500000	49
chr14	70500000	72500000	49
chr22	41000000	43000000	49
chr22	42000000	44000000	49
chr2	54000000	56000000	48.75
chr6	71000000	73000000	48.75
chr10	26500000	28500000	48.75
chr13	25500000	27500000	48.75
chr22	41500000	43500000	48.75
chrX	33500000	35500000	48.75
chr2	126000000	128000000	48.5
chr6	29000000	31000000	48.5
chr6	37500000	39500000	48.5
chr6	76000000	78000000	48.5
chr11	56500000	58500000	48.5
chr12	91500000	93500000	48.5
chr13	77000000	79000000	48.5
chr16	69500000	71500000	48.5
chr1	189000000	191000000	48.25
chr1	189500000	191500000	48.25
chr2	53500000	55500000	48.25
chr2	200000000	202000000	48.25
chr4	122000000	124000000	48.25
chr4	122500000	124500000	48.25
chr5	61000000	63000000	48.25
chr5	109500000	111500000	48.25
chr6	8000000	10000000	48.25
chr6	29500000	31500000	48.25
chr7	68500000	70500000	48.25
chr8	4000000	6000000	48.25
chr11	56000000	58000000	48.25
chr12	16500000	18500000	48.25
chr16	69000000	71000000	48.25
chr16	70000000	72000000	48.25
chr16	77500000	79500000	48.25
chrX	69000000	71000000	48.25
chr1	167500000	169500000	48
chr2	139000000	141000000	48
chr2	159000000	161000000	48
chr5	36000000	38000000	48
chr5	99500000	101500000	48
chr5	110000000	112000000	48
chr5	125500000	127500000	48
chr6	31500000	33500000	48
chr7	96500000	98500000	48
chr7	101000000	103000000	48
chr8	3500000	5500000	48
chr8	25500000	27500000	48
chr8	97500000	99500000	48
chr9	91500000	93500000	48
chr9	101500000	103500000	48
chr10	56000000	58000000	48
chr12	17000000	19000000	48
chr13	26000000	28000000	48
chr16	87500000	89500000	48
chr18	1500000	3500000	48
chr22	40500000	42500000	48
chr1	39500000	41500000	47.75
chr2	50000000	52000000	47.75
chr2	126500000	128500000	47.75
chr3	1000000	3000000	47.75
chr4	65500000	67500000	47.75
chr4	183000000	185000000	47.75
chr5	59500000	61500000	47.75
chr5	99000000	101000000	47.75
chr5	153000000	155000000	47.75
chr6	30000000	32000000	47.75
chr6	31000000	33000000	47.75
chr6	37000000	39000000	47.75
chr6	99000000	101000000	47.75
chr6	99500000	101500000	47.75
chr6	130000000	132000000	47.75
chr7	2000000	4000000	47.75
chr7	23500000	25500000	47.75
chr7	54000000	56000000	47.75
chr7	54500000	56500000	47.75
chr7	68000000	70000000	47.75
chr7	69000000	71000000	47.75
chr8	12500000	14500000	47.75
chr8	56000000	58000000	47.75
chr9	102000000	104000000	47.75
chr10	19000000	21000000	47.75
chr10	44000000	46000000	47.75
chr11	8500000	10500000	47.75
chr11	15500000	17500000	47.75
chr11	55000000	57000000	47.75
chr11	104500000	106500000	47.75
chr12	41500000	43500000	47.75
chr14	39000000	41000000	47.75
chr14	47000000	49000000	47.75
chr14	71000000	73000000	47.75
chr16	82000000	84000000	47.75
chrX	76000000	78000000	47.75
chr1	196000000	198000000	47.5
chr2	9000000	11000000	47.5
chr2	117000000	119000000	47.5
chr2	127000000	129000000	47.5
chr2	138500000	140500000	47.5
chr3	138500000	140500000	47.5
chr4	66000000	68000000	47.5
chr5	125000000	127000000	47.5
chr6	1000000	3000000	47.5
chr6	65500000	67500000	47.5
chr6	70500000	72500000	47.5
chr6	77000000	79000000	47.5
chr6	157000000	159000000	47.5
chr7	3000000	5000000	47.5
chr7	126000000	128000000	47.5
chr8	4500000	6500000	47.5
chr8	5000000	7000000	47.5
chr9	131000000	133000000	47.5
chr10	4500000	6500000	47.5
chr10	37500000	39500000	47.5
chr11	9500000	11500000	47.5
chr11	55500000	57500000	47.5
chr11	105000000	107000000	47.5
chr12	16000000	18000000	47.5
chr12	90000000	92000000	47.5
chr12	90500000	92500000	47.5
chr14	38500000	40500000	47.5
chr14	70000000	72000000	47.5
chr21	40000000	42000000	47.5
chr1	18000000	20000000	47.25
chr1	40000000	42000000	47.25
chr1	171000000	173000000	47.25
chr2	9500000	11500000	47.25
chr2	48500000	50500000	47.25
chr2	202500000	204500000	47.25
chr3	42000000	44000000	47.25
chr4	125000000	127000000	47.25
chr5	24000000	26000000	47.25
chr5	114500000	116500000	47.25
chr6	7500000	9500000	47.25
chr6	30500000	32500000	47.25
chr6	38000000	40000000	47.25
chr6	65000000	67000000	47.25
chr6	76500000	78500000	47.25
chr8	39500000	41500000	47.25
chr8	100500000	102500000	47.25
chr10	19500000	21500000	47.25
chr10	20000000	22000000	47.25
chr10	27000000	29000000	47.25
chr10	94500000	96500000	47.25
chr11	8000000	10000000	47.25
chr11	9000000	11000000	47.25
chr11	57000000	59000000	47.25
chr12	43000000	45000000	47.25
chr13	75500000	77500000	47.25
chr13	101500000	103500000	47.25
chr14	83500000	85500000	47.25
chr16	68500000	70500000	47.25
chr16	81500000	83500000	47.25
chr16	88000000	90000000	47.25
chr19	6500000	8500000	47.25
chr20	15500000	17500000	47.25
chr22	42500000	44500000	47.25
chr1	190500000	192500000	47
chr1	216500000	218500000	47
chr1	230000000	232000000	47
chr2	60000000	62000000	47
chr2	61000000	63000000	47
chr2	140000000	142000000	47
chr2	184500000	186500000	47
chr3	17500000	19500000	47
chr4	35500000	37500000	47
chr4	121500000	123500000	47
chr4	126500000	128500000	47
chr5	56500000	58500000	47
chr5	60000000	62000000	47
chr5	110500000	112500000	47
chr6	26500000	28500000	47
chr6	130500000	132500000	47
chr7	2500000	4500000	47
chr7	24000000	26000000	47
chr7	130000000	132000000	47
chr8	56500000	58500000	47
chr9	101000000	103000000	47
chr10	65000000	67000000	47
chr10	94000000	96000000	47
chr11	10000000	12000000	47
chr11	16500000	18500000	47
chr12	41000000	43000000	47
chr12	50500000	52500000	47
chr12	56500000	58500000	47
chr12	89500000	91500000	47
chr12	109000000	111000000	47
chr13	101000000	103000000	47
chr14	38000000	40000000	47
chr15	56000000	58000000	47
chr18	66500000	68500000	47
chr19	7000000	9000000	47
chr19	21500000	23500000	47
chr19	47500000	49500000	47
chr21	39500000	41500000	47
chr22	19000000	21000000	47
chr22	29500000	31500000	47
chr22	31000000	33000000	47
chr1	18500000	20500000	46.75
chr1	171500000	173500000	46.75
chr1	172000000	174000000	46.75
chr1	234000000	236000000	46.75
chr2	60500000	62500000	46.75
chr2	199500000	201500000	46.75
chr3	17000000	19000000	46.75
chr3	63500000	65500000	46.75
chr3	145500000	147500000	46.75
chr3	165500000	167500000	46.75
chr4	56500000	58500000	46.75
chr4	65000000	67000000	46.75
chr4	125500000	127500000	46.75
chr4	126000000	128000000	46.75
chr4	183500000	185500000	46.75
chr5	6500000	8500000	46.75
chr5	16500000	18500000	46.75
chr5	111000000	113000000	46.75
chr6	32000000	34000000	46.75
chr6	77500000	79500000	46.75
chr6	87500000	89500000	46.75
chr6	118000000	120000000	46.75
chr6	129500000	131500000	46.75
chr7	31500000	33500000	46.75
chr7	67500000	69500000	46.75
chr7	131500000	133500000	46.75
chr8	13000000	15000000	46.75
chr8	107500000	109500000	46.75
chr9	500000	2500000	46.75
chr9	92000000	94000000	46.75
chr9	132000000	134000000	46.75
chr10	11500000	13500000	46.75
chr10	91500000	93500000	46.75
chr11	17000000	19000000	46.75
chr11	54500000	56500000	46.75
chr12	89000000	91000000	46.75
chr14	40500000	42500000	46.75
chr14	84000000	86000000	46.75
chr15	81000000	83000000	46.75
chr15	81500000	83500000	46.75
chr15	82000000	84000000	46.75
chr16	87000000	89000000	46.75
chr17	32000000	34000000	46.75
chr18	25500000	27500000	46.75
chr18	26000000	28000000	46.75
chr19	44500000	46500000	46.75
chr19	45000000	47000000	46.75
chr20	16000000	18000000	46.75
chrX	33000000	35000000	46.75
chr1	154000000	156000000	46.5
chr1	179500000	181500000	46.5
chr1	195500000	197500000	46.5
chr1	229500000	231500000	46.5
chr1	234500000	236500000	46.5
chr2	30000000	32000000	46.5
chr2	40500000	42500000	46.5
chr2	49000000	51000000	46.5
chr2	49500000	51500000	46.5
chr2	125500000	127500000	46.5
chr2	139500000	141500000	46.5
chr2	185000000	187000000	46.5
chr2	234500000	236500000	46.5
chr3	23500000	25500000	46.5
chr3	80000000	82000000	46.5
chr3	135500000	137500000	46.5
chr3	158000000	160000000	46.5
chr4	114000000	116000000	46.5
chr4	127500000	129500000	46.5
chr4	149500000	151500000	46.5
chr5	36500000	38500000	46.5
chr5	59000000	61000000	46.5
chr5	92000000	94000000	46.5
chr5	92500000	94500000	46.5
chr6	80000000	82000000	46.5
chr6	88500000	90500000	46.5
chr7	15000000	17000000	46.5
chr7	15500000	17500000	46.5
chr7	132000000	134000000	46.5
chr8	3000000	5000000	46.5
chr8	113000000	115000000	46.5
chr9	5500000	7500000	46.5
chr9	14000000	16000000	46.5
chr9	14500000	16500000	46.5
chr9	23000000	25000000	46.5
chr9	26500000	28500000	46.5
chr10	4000000	6000000	46.5
chr10	107000000	109000000	46.5
chr11	16000000	18000000	46.5
chr11	29000000	31000000	46.5
chr11	68500000	70500000	46.5
chr12	4500000	6500000	46.5
chr12	40500000	42500000	46.5
chr12	42000000	44000000	46.5
chr12	42500000	44500000	46.5
chr12	103500000	105500000	46.5
chr12	104500000	106500000	46.5
chr12	105000000	107000000	46.5
chr13	29000000	31000000	46.5
chr14	21000000	23000000	46.5
chr16	76500000	78500000	46.5
chr16	77000000	79000000	46.5
chr17	27000000	29000000	46.5
chr19	45500000	47500000	46.5
chr19	46000000	48000000	46.5
chr21	44500000	46500000	46.5
chrX	76500000	78500000	46.5
chr1	78500000	80500000	46.25
chr1	164500000	166500000	46.25
chr1	170500000	172500000	46.25
chr2	8500000	10500000	46.25
chr2	47500000	49500000	46.25
chr2	55000000	57000000	46.25
chr2	105000000	107000000	46.25
chr2	200500000	202500000	46.25
chr2	201500000	203500000	46.25
chr2	228500000	230500000	46.25
chr3	34500000	36500000	46.25
chr3	75500000	77500000	46.25
chr3	76000000	78000000	46.25
chr3	120500000	122500000	46.25
chr4	57000000	59000000	46.25
chr4	168500000	170500000	46.25
chr4	179500000	181500000	46.25
chr5	93500000	95500000	46.25
chr6	66000000	68000000	46.25
chr6	88000000	90000000	46.25
chr6	89000000	91000000	46.25
chr6	161500000	163500000	46.25
chr7	32000000	34000000	46.25
chr7	89500000	91500000	46.25
chr7	131000000	133000000	46.25
chr8	55500000	57500000	46.25
chr8	69000000	71000000	46.25
chr8	101000000	103000000	46.25
chr9	17500000	19500000	46.25
chr10	3500000	5500000	46.25
chr11	38000000	40000000	46.25
chr11	69000000	71000000	46.25
chr11	127500000	129500000	46.25
chr11	130000000	132000000	46.25
chr12	27000000	29000000	46.25
chr13	26500000	28500000	46.25
chr13	42500000	44500000	46.25
chr13	81500000	83500000	46.25
chr15	83500000	85500000	46.25
chr16	7000000	9000000	46.25
chr16	7500000	9500000	46.25
chr16	70500000	72500000	46.25
chr16	82500000	84500000	46.25
chr17	31500000	33500000	46.25
chr17	58000000	60000000	46.25
chr18	2000000	4000000	46.25
chr19	47000000	49000000	46.25
chr20	53000000	55000000	46.25
chr21	41000000	43000000	46.25
chr22	26500000	28500000	46.25
chr1	37000000	39000000	46
chr1	48000000	50000000	46
chr1	119000000	121000000	46
chr1	173000000	175000000	46
chr1	220500000	222500000	46
chr2	18500000	20500000	46
chr2	27000000	29000000	46
chr2	55500000	57500000	46
chr2	149500000	151500000	46
chr2	234000000	236000000	46
chr3	121000000	123000000	46
chr3	145000000	147000000	46
chr3	153000000	155000000	46
chr4	35000000	37000000	46
chr4	115000000	117000000	46
chr4	118500000	120500000	46
chr4	121000000	123000000	46
chr4	149000000	151000000	46
chr4	179000000	181000000	46
chr5	35500000	37500000	46
chr5	91500000	93500000	46
chr5	126000000	128000000	46
chr6	15500000	17500000	46
chr6	25500000	27500000	46
chr6	36500000	38500000	46
chr6	79500000	81500000	46
chr6	115000000	117000000	46
chr6	118500000	120500000	46
chr7	3500000	5500000	46
chr7	14000000	16000000	46
chr7	14500000	16500000	46
chr7	22500000	24500000	46
chr7	23000000	25000000	46
chr7	48500000	50500000	46
chr7	100500000	102500000	46
chr8	22000000	24000000	46
chr9	0	2000000	46
chr9	27500000	29500000	46
chr9	28000000	30000000	46
chr10	44500000	46500000	46
chr11	10500000	12500000	46
chr11	97500000	99500000	46
chr11	125000000	127000000	46
chr11	128500000	130500000	46
chr11	131000000	133000000	46
chr11	132000000	134000000	46
chr12	2500000	4500000	46
chr12	26000000	28000000	46
chr12	92000000	94000000	46
chr12	98000000	100000000	46
chr12	130500000	132500000	46
chr13	25000000	27000000	46
chr14	83000000	85000000	46
chr15	92500000	94500000	46
chr17	78000000	80000000	46
chr18	30000000	32000000	46
chr19	22000000	24000000	46
chr19	43500000	45500000	46
chr19	56000000	58000000	46
chr20	15000000	17000000	46
chr20	52500000	54500000	46
chr22	30000000	32000000	46
chr22	30500000	32500000	46
chrX	34000000	36000000	46
chrX	56500000	58500000	46
chr1	17500000	19500000	45.75
chr1	154500000	156500000	45.75
chr1	173500000	175500000	45.75
chr1	179000000	181000000	45.75
chr1	241500000	243500000	45.75
chr2	8000000	10000000	45.75
chr2	27500000	29500000	45.75
chr2	41500000	43500000	45.75
chr2	56000000	58000000	45.75
chr2	57000000	59000000	45.75
chr2	185500000	187500000	45.75
chr2	196000000	198000000	45.75
chr3	26500000	28500000	45.75
chr3	84000000	86000000	45.75
chr3	121500000	123500000	45.75
chr4	15000000	17000000	45.75
chr4	26500000	28500000	45.75
chr4	120500000	122500000	45.75
chr4	131000000	133000000	45.75
chr4	184500000	186500000	45.75
chr5	58000000	60000000	45.75
chr5	85000000	87000000	45.75
chr5	93000000	95000000	45.75
chr5	109000000	111000000	45.75
chr5	115500000	117500000	45.75
chr6	15000000	17000000	45.75
chr6	26000000	28000000	45.75
chr6	114500000	116500000	45.75
chr6	115500000	117500000	45.75
chr6	116500000	118500000	45.75
chr6	117500000	119500000	45.75
chr7	48000000	50000000	45.75
chr7	126500000	128500000	45.75
chr8	5500000	7500000	45.75
chr8	98000000	100000000	45.75
chr8	102000000	104000000	45.75
chr8	112000000	114000000	45.75
chr9	8000000	10000000	45.75
chr9	8500000	10500000	45.75
chr9	22500000	24500000	45.75
chr9	69000000	71000000	45.75
chr9	86000000	88000000	45.75
chr10	55500000	57500000	45.75
chr11	105500000	107500000	45.75
chr11	127000000	129000000	45.75
chr12	3000000	5000000	45.75
chr12	25500000	27500000	45.75
chr13	35500000	37500000	45.75
chr13	41500000	43500000	45.75
chr13	42000000	44000000	45.75
chr15	40000000	42000000	45.75
chr15	93000000	95000000	45.75
chr15	94500000	96500000	45.75
chr16	25000000	27000000	45.75
chr17	38500000	40500000	45.75
chr18	29500000	31500000	45.75
chr19	6000000	8000000	45.75
chr19	44000000	46000000	45.75
chr19	46500000	48500000	45.75
chr20	10500000	12500000	45.75
chr20	16500000	18500000	45.75
chrX	25500000	27500000	45.75
chrX	83500000	85500000	45.75
chrX	127000000	129000000	45.75
chr1	233500000	235500000	45.5
chr2	10000000	12000000	45.5
chr2	48000000	50000000	45.5
chr2	50500000	52500000	45.5
chr2	59500000	61500000	45.5
chr2	183500000	185500000	45.5
chr2	201000000	203000000	45.5
chr2	202000000	204000000	45.5
chr2	229000000	231000000	45.5
chr2	229500000	231500000	45.5
chr3	500000	2500000	45.5
chr3	1500000	3500000	45.5
chr3	11000000	13000000	45.5
chr3	24000000	26000000	45.5
chr3	32000000	34000000	45.5
chr3	41500000	43500000	45.5
chr3	135000000	137000000	45.5
chr3	152500000	154500000	45.5
chr3	157500000	159500000	45.5
chr4	30000000	32000000	45.5
chr4	119000000	121000000	45.5
chr4	123000000	125000000	45.5
chr4	151500000	153500000	45.5
chr5	7000000	9000000	45.5
chr5	19000000	21000000	45.5
chr5	24500000	26500000	45.5
chr5	41500000	43500000	45.5
chr5	52500000	54500000	45.5
chr5	56000000	58000000	45.5
chr5	114000000	116000000	45.5
chr5	115000000	117000000	45.5
chr5	131500000	133500000	45.5
chr5	165000000	167000000	45.5
chr6	8500000	10500000	45.5
chr6	16500000	18500000	45.5
chr6	71500000	73500000	45.5
chr6	117000000	119000000	45.5
chr7	130500000	132500000	45.5
chr7	149500000	151500000	45.5
chr8	103500000	105500000	45.5
chr8	105000000	107000000	45.5
chr8	112500000	114500000	45.5
chr8	141000000	143000000	45.5
chr9	9000000	11000000	45.5
chr9	79000000	81000000	45.5
chr9	130500000	132500000	45.5
chr10	18500000	20500000	45.5
chr10	51500000	53500000	45.5
chr10	108500000	110500000	45.5
chr11	29500000	31500000	45.5
chr11	98000000	100000000	45.5
chr11	104000000	106000000	45.5
chr11	128000000	130000000	45.5
chr11	131500000	133500000	45.5
chr12	3500000	5500000	45.5
chr12	4000000	6000000	45.5
chr12	26500000	28500000	45.5
chr12	44000000	46000000	45.5
chr12	51000000	53000000	45.5
chr12	94000000	96000000	45.5
chr14	20000000	22000000	45.5
chr14	21500000	23500000	45.5
chr14	80000000	82000000	45.5
chr15	55500000	57500000	45.5
chr15	63000000	65000000	45.5
chr16	24500000	26500000	45.5
chr17	76000000	78000000	45.5
chr17	77500000	79500000	45.5
chr18	67000000	69000000	45.5
chr18	78000000	80000000	45.5
chr19	21000000	23000000	45.5
chr19	55000000	57000000	45.5
chrX	68500000	70500000	45.5
chrX	75000000	77000000	45.5
chr1	28000000	30000000	45.25
chr1	79000000	81000000	45.25
chr1	172500000	174500000	45.25
chr1	217000000	219000000	45.25
chr1	226500000	228500000	45.25
chr2	11000000	13000000	45.25
chr2	138000000	140000000	45.25
chr2	146500000	148500000	45.25
chr2	196500000	198500000	45.25
chr3	0	2000000	45.25
chr3	35000000	37000000	45.25
chr3	54500000	56500000	45.25
chr3	60500000	62500000	45.25
chr3	94000000	96000000	45.25
chr3	94500000	96500000	45.25
chr3	171000000	173000000	45.25
chr3	193000000	195000000	45.25
chr4	56000000	58000000	45.25
chr4	98000000	100000000	45.25
chr4	115500000	117500000	45.25
chr4	118000000	120000000	45.25
chr4	184000000	186000000	45.25
chr5	100000000	102000000	45.25
chr5	100500000	102500000	45.25
chr5	103000000	105000000	45.25
chr5	135000000	137000000	45.25
chr5	164500000	166500000	45.25
chr6	500000	2500000	45.25
chr6	19000000	21000000	45.25
chr6	38500000	40500000	45.25
chr6	66500000	68500000	45.25
chr6	75500000	77500000	45.25
chr6	116000000	118000000	45.25
chr6	162500000	164500000	45.25
chr7	1500000	3500000	45.25
chr7	4000000	6000000	45.25
chr7	4500000	6500000	45.25
chr7	9500000	11500000	45.25
chr7	150000000	152000000	45.25
chr7	150500000	152500000	45.25
chr8	25000000	27000000	45.25
chr8	26000000	28000000	45.25
chr8	69500000	71500000	45.25
chr8	70500000	72500000	45.25
chr8	129000000	131000000	45.25
chr9	37000000	39000000	45.25
chr9	92500000	94500000	45.25
chr9	93000000	95000000	45.25
chr9	93500000	95500000	45.25
chr10	5000000	7000000	45.25
chr10	5500000	7500000	45.25
chr10	78500000	80500000	45.25
chr11	4500000	6500000	45.25
chr11	83000000	85000000	45.25
chr11	125500000	127500000	45.25
chr11	130500000	132500000	45.25
chr11	132500000	134500000	45.25
chr12	67500000	69500000	45.25
chr12	68500000	70500000	45.25
chr12	130000000	132000000	45.25
chr13	43000000	45000000	45.25
chr13	94500000	96500000	45.25
chr13	100500000	102500000	45.25
chr14	47500000	49500000	45.25
chr14	95500000	97500000	45.25
chr15	56500000	58500000	45.25
chr15	93500000	95500000	45.25
chr15	94000000	96000000	45.25
chr16	6500000	8500000	45.25
chr16	25500000	27500000	45.25
chr16	76000000	78000000	45.25
chr16	84500000	86500000	45.25
chr17	77000000	79000000	45.25
chr18	26500000	28500000	45.25
chr19	43000000	45000000	45.25
chr19	54500000	56500000	45.25
chr19	56500000	58500000	45.25
chr21	40500000	42500000	45.25
chr22	40000000	42000000	45.25
chr22	48000000	50000000	45.25
chr1	13500000	15500000	45
chr1	164000000	166000000	45
chr2	158500000	160500000	45
chr2	183000000	185000000	45
chr2	184000000	186000000	45
chr2	235000000	237000000	45
chr3	3500000	5500000	45
chr3	46000000	48000000	45
chr3	133000000	135000000	45
chr3	146000000	148000000	45
chr4	9500000	11500000	45
chr4	30500000	32500000	45
chr4	58000000	60000000	45
chr4	62500000	64500000	45
chr4	63500000	65500000	45
chr4	64000000	66000000	45
chr4	113500000	115500000	45
chr4	119500000	121500000	45
chr4	138500000	140500000	45
chr5	500000	2500000	45
chr5	28000000	30000000	45
chr5	41000000	43000000	45
chr5	71500000	73500000	45
chr5	72500000	74500000	45
chr5	102000000	104000000	45
chr6	7000000	9000000	45
chr6	70000000	72000000	45
chr6	147500000	149500000	45
chr6	164000000	166000000	45
chr7	16000000	18000000	45
chr7	16500000	18500000	45
chr7	28000000	30000000	45
chr7	53500000	55500000	45
chr7	78000000	80000000	45
chr7	156500000	158500000	45
chr8	22500000	24500000	45
chr8	40000000	42000000	45
chr8	113500000	115500000	45
chr8	133000000	135000000	45
chr9	17000000	19000000	45
chr9	27000000	29000000	45
chr9	68500000	70500000	45
chr9	79500000	81500000	45
chr10	20500000	22500000	45
chr10	79500000	81500000	45
chr10	120500000	122500000	45
chr11	25500000	27500000	45
chr11	82500000	84500000	45
chr11	129500000	131500000	45
chr11	133000000	135000000	45
chr12	2000000	4000000	45
chr12	50000000	52000000	45
chr12	68000000	70000000	45
chr12	117000000	119000000	45
chr12	131000000	133000000	45
chr13	43500000	45500000	45
chr13	59000000	61000000	45
chr14	40000000	42000000	45
chr15	36000000	38000000	45
chr15	84000000	86000000	45
chr15	84500000	86500000	45
chr15	95000000	97000000	45
chr16	81000000	83000000	45
chr17	26500000	28500000	45
chr18	21500000	23500000	45
chr18	22000000	24000000	45
chr19	2000000	4000000	45
chr19	22500000	24500000	45
chr19	51500000	53500000	45
chr20	10000000	12000000	45
chr20	44000000	46000000	45
chr20	61500000	63500000	45
chr22	46500000	48500000	45
chr1	78000000	80000000	44.75
chr1	225500000	227500000	44.75
chr2	57500000	59500000	44.75
chr2	112000000	114000000	44.75
chr2	152500000	154500000	44.75
chr2	233500000	235500000	44.75
chr2	238000000	240000000	44.75
chr3	64000000	66000000	44.75
chr3	76500000	78500000	44.75
chr3	89500000	91500000	44.75
chr3	99000000	101000000	44.75
chr3	186500000	188500000	44.75
chr4	64500000	66500000	44.75
chr4	127000000	129000000	44.75
chr4	182500000	184500000	44.75
chr5	6000000	8000000	44.75
chr5	17000000	19000000	44.75
chr5	27500000	29500000	44.75
chr5	57000000	59000000	44.75
chr5	84500000	86500000	44.75
chr5	101500000	103500000	44.75
chr6	1500000	3500000	44.75
chr6	6500000	8500000	44.75
chr6	18000000	20000000	44.75
chr6	78500000	80500000	44.75
chr6	79000000	81000000	44.75
chr6	114000000	116000000	44.75
chr7	13500000	15500000	44.75
chr7	24500000	26500000	44.75
chr7	89000000	91000000	44.75
chr7	90500000	92500000	44.75
chr7	96000000	98000000	44.75
chr7	100000000	102000000	44.75
chr7	108000000	110000000	44.75
chr8	17500000	19500000	44.75
chr8	101500000	103500000	44.75
chr8	104500000	106500000	44.75
chr9	69500000	71500000	44.75
chr9	74500000	76500000	44.75
chr9	131500000	133500000	44.75
chr9	132500000	134500000	44.75
chr9	133500000	135500000	44.75
chr10	11000000	13000000	44.75
chr10	27500000	29500000	44.75
chr11	4000000	6000000	44.75
chr11	7500000	9500000	44.75
chr11	37500000	39500000	44.75
chr11	57500000	59500000	44.75
chr11	129000000	131000000	44.75
chr12	69000000	71000000	44.75
chr12	75500000	77500000	44.75
chr12	88500000	90500000	44.75
chr12	108500000	110500000	44.75
chr12	114500000	116500000	44.75
chr13	35000000	37000000	44.75
chr13	41000000	43000000	44.75
chr13	88500000	90500000	44.75
chr13	104500000	106500000	44.75
chr14	20500000	22500000	44.75
chr14	39500000	41500000	44.75
chr14	84500000	86500000	44.75
chr16	49500000	51500000	44.75
chr16	50500000	52500000	44.75
chr17	11500000	13500000	44.75
chr17	32500000	34500000	44.75
chr17	78500000	80500000	44.75
chr18	25000000	27000000	44.75
chr18	40000000	42000000	44.75
chr18	40500000	42500000	44.75
chr18	66000000	68000000	44.75
chr18	70500000	72500000	44.75
chr18	73500000	75500000	44.75
chr19	54000000	56000000	44.75
chr20	62000000	64000000	44.75
chr22	33500000	35500000	44.75
chrX	13500000	15500000	44.75
chrX	32500000	34500000	44.75
chr1	3000000	5000000	44.5
chr1	43000000	45000000	44.5
chr1	47500000	49500000	44.5
chr1	53500000	55500000	44.5
chr1	69500000	71500000	44.5
chr1	191000000	193000000	44.5
chr2	18000000	20000000	44.5
chr2	26500000	28500000	44.5
chr2	28000000	30000000	44.5
chr2	116000000	118000000	44.5
chr2	137500000	139500000	44.5
chr2	152000000	154000000	44.5
chr2	203000000	205000000	44.5
chr3	60000000	62000000	44.5
chr3	139000000	141000000	44.5
chr3	158500000	160500000	44.5
chr3	162500000	164500000	44.5
chr4	14500000	16500000	44.5
chr4	36000000	38000000	44.5
chr4	55000000	57000000	44.5
chr4	124500000	126500000	44.5
chr4	132500000	134500000	44.5
chr4	138000000	140000000	44.5
chr4	180000000	182000000	44.5
chr5	53000000	55000000	44.5
chr5	94000000	96000000	44.5
chr5	94500000	96500000	44.5
chr5	96000000	98000000	44.5
chr5	101000000	103000000	44.5
chr5	102500000	104500000	44.5
chr5	126500000	128500000	44.5
chr5	130500000	132500000	44.5
chr6	17500000	19500000	44.5
chr6	47500000	49500000	44.5
chr6	154000000	156000000	44.5
chr6	161000000	163000000	44.5
chr6	162000000	164000000	44.5
chr7	80500000	82500000	44.5
chr7	90000000	92000000	44.5
chr7	129500000	131500000	44.5
chr8	21500000	23500000	44.5
chr9	20000000	22000000	44.5
chr9	107000000	109000000	44.5
chr9	134500000	136500000	44.5
chr10	21000000	23000000	44.5
chr10	42500000	44500000	44.5
chr10	53000000	55000000	44.5
chr10	64500000	66500000	44.5
chr10	114500000	116500000	44.5
chr11	33000000	35000000	44.5
chr11	42000000	44000000	44.5
chr11	101500000	103500000	44.5
chr12	25000000	27000000	44.5
chr12	43500000	45500000	44.5
chr12	66000000	68000000	44.5
chr12	76500000	78500000	44.5
chr12	119000000	121000000	44.5
chr13	28500000	30500000	44.5
chr13	29500000	31500000	44.5
chr13	75000000	77000000	44.5
chr13	77500000	79500000	44.5
chr13	84000000	86000000	44.5
chr13	108500000	110500000	44.5
chr14	22000000	24000000	44.5
chr14	55000000	57000000	44.5
chr14	71500000	73500000	44.5
chr15	36500000	38500000	44.5
chr15	88500000	90500000	44.5
chr15	92000000	94000000	44.5
chr16	85000000	87000000	44.5
chr17	47000000	49000000	44.5
chr17	75500000	77500000	44.5
chr18	2500000	4500000	44.5
chr18	73000000	75000000	44.5
chr19	3500000	5500000	44.5
chr19	5000000	7000000	44.5
chr19	5500000	7500000	44.5
chr19	27500000	29500000	44.5
chr19	55500000	57500000	44.5
chr21	39000000	41000000	44.5
chr22	19500000	21500000	44.5
chr22	36000000	38000000	44.5
chr22	43000000	45000000	44.5
chrX	56000000	58000000	44.5
chr1	153500000	155500000	44.25
chr1	170000000	172000000	44.25
chr1	191500000	193500000	44.25
chr1	195000000	197000000	44.25
chr1	221000000	223000000	44.25
chr1	230500000	232500000	44.25
chr2	7500000	9500000	44.25
chr2	30500000	32500000	44.25
chr2	56500000	58500000	44.25
chr2	59000000	61000000	44.25
chr2	104500000	106500000	44.25
chr2	195500000	197500000	44.25
chr2	197000000	199000000	44.25
chr2	199000000	201000000	44.25
chr3	2000000	4000000	44.25
chr3	10500000	12500000	44.25
chr3	18000000	20000000	44.25
chr3	19500000	21500000	44.25
chr3	20000000	22000000	44.25
chr3	41000000	43000000	44.25
chr3	45500000	47500000	44.25
chr3	53500000	55500000	44.25
chr3	55500000	57500000	44.25
chr3	56000000	58000000	44.25
chr3	67500000	69500000	44.25
chr3	108000000	110000000	44.25
chr3	133500000	135500000	44.25
chr3	144000000	146000000	44.25
chr3	166000000	168000000	44.25
chr4	20500000	22500000	44.25
chr4	55500000	57500000	44.25
chr4	57500000	59500000	44.25
chr4	58500000	60500000	44.25
chr4	59500000	61500000	44.25
chr4	62000000	64000000	44.25
chr4	114500000	116500000	44.25
chr4	124000000	126000000	44.25
chr4	148500000	150500000	44.25
chr4	176000000	178000000	44.25
chr5	72000000	74000000	44.25
chr5	124500000	126500000	44.25
chr6	72000000	74000000	44.25
chr6	78000000	80000000	44.25
chr6	80500000	82500000	44.25
chr6	84500000	86500000	44.25
chr6	92000000	94000000	44.25
chr6	98500000	100500000	44.25
chr6	139000000	141000000	44.25
chr6	158000000	160000000	44.25
chr7	31000000	33000000	44.25
chr7	80000000	82000000	44.25
chr7	82000000	84000000	44.25
chr7	86000000	88000000	44.25
chr8	500000	2500000	44.25
chr8	57000000	59000000	44.25
chr8	141500000	143500000	44.25
chr8	142000000	144000000	44.25
chr9	6000000	8000000	44.25
chr9	7500000	9500000	44.25
chr9	74000000	76000000	44.25
chr9	80000000	82000000	44.25
chr9	135000000	137000000	44.25
chr10	0	2000000	44.25
chr10	26000000	28000000	44.25
chr10	92000000	94000000	44.25
chr10	107500000	109500000	44.25
chr10	120000000	122000000	44.25
chr11	11000000	13000000	44.25
chr11	11500000	13500000	44.25
chr11	20000000	22000000	44.25
chr11	24500000	26500000	44.25
chr11	82000000	84000000	44.25
chr11	92000000	94000000	44.25
chr11	97000000	99000000	44.25
chr12	5000000	7000000	44.25
chr12	15500000	17500000	44.25
chr12	20500000	22500000	44.25
chr12	56000000	58000000	44.25
chr12	67000000	69000000	44.25
chr12	129500000	131500000	44.25
chr13	58500000	60500000	44.25
chr13	97500000	99500000	44.25
chr13	100000000	102000000	44.25
chr15	95500000	97500000	44.25
chr15	96000000	98000000	44.25
chr15	96500000	98500000	44.25
chr16	5500000	7500000	44.25
chr16	6000000	8000000	44.25
chr16	18500000	20500000	44.25
chr16	83000000	85000000	44.25
chr16	83500000	85500000	44.25
chr16	84000000	86000000	44.25
chr16	86500000	88500000	44.25
chr17	76500000	78500000	44.25
chr18	22500000	24500000	44.25
chr18	24500000	26500000	44.25
chr18	65500000	67500000	44.25
chr18	70000000	72000000	44.25
chr19	500000	2500000	44.25
chr19	2500000	4500000	44.25
chr19	28500000	30500000	44.25
chr20	8500000	10500000	44.25
chr20	14500000	16500000	44.25
chr20	57000000	59000000	44.25
chr1	3500000	5500000	44
chr1	14000000	16000000	44
chr1	113500000	115500000	44
chr1	118500000	120500000	44
chr1	174000000	176000000	44
chr1	200500000	202500000	44
chr1	223000000	225000000	44
chr1	223500000	225500000	44
chr2	10500000	12500000	44
chr2	28500000	30500000	44
chr2	53000000	55000000	44
chr2	65000000	67000000	44
chr2	68000000	70000000	44
chr2	86500000	88500000	44
chr2	111500000	113500000	44
chr2	227500000	229500000	44
chr2	228000000	230000000	44
chr3	2500000	4500000	44
chr3	10000000	12000000	44
chr3	11500000	13500000	44
chr3	33500000	35500000	44
chr3	59500000	61500000	44
chr3	63000000	65000000	44
chr3	125500000	127500000	44
chr3	186000000	188000000	44
chr4	113000000	115000000	44
chr5	12500000	14500000	44
chr5	29000000	31000000	44
chr5	51000000	53000000	44
chr5	52000000	54000000	44
chr5	57500000	59500000	44
chr5	61500000	63500000	44
chr5	84000000	86000000	44
chr5	91000000	93000000	44
chr5	132000000	134000000	44
chr5	134500000	136500000	44
chr5	135500000	137500000	44
chr6	14500000	16500000	44
chr6	16000000	18000000	44
chr6	24500000	26500000	44
chr6	72500000	74500000	44
chr6	103000000	105000000	44
chr7	55500000	57500000	44
chr7	69500000	71500000	44
chr7	79000000	81000000	44
chr8	18000000	20000000	44
chr8	62500000	64500000	44
chr8	63500000	65500000	44
chr8	68500000	70500000	44
chr8	70000000	72000000	44
chr8	102500000	104500000	44
chr8	107000000	109000000	44
chr8	128500000	130500000	44
chr9	78000000	80000000	44
chr10	121500000	123500000	44
chr11	12000000	14000000	44
chr11	33500000	35500000	44
chr11	38500000	40500000	44
chr11	41500000	43500000	44
chr11	126000000	128000000	44
chr11	126500000	128500000	44
chr12	69500000	71500000	44
chr12	104000000	106000000	44
chr13	34500000	36500000	44
chr13	36000000	38000000	44
chr13	74500000	76500000	44
chr13	94000000	96000000	44
chr14	96000000	98000000	44
chr16	0	2000000	44
chr16	61500000	63500000	44
chr16	85500000	87500000	44
chr16	86000000	88000000	44
chr17	33500000	35500000	44
chr17	39000000	41000000	44
chr17	49500000	51500000	44
chr17	68000000	70000000	44
chr18	69500000	71500000	44
chr19	1000000	3000000	44
chr19	7500000	9500000	44
chr19	16500000	18500000	44
chr19	29500000	31500000	44
chr19	42500000	44500000	44
chr19	53500000	55500000	44
chr20	1500000	3500000	44
chr22	31500000	33500000	44
chr22	32500000	34500000	44
chrX	88500000	90500000	44
chrX	107500000	109500000	44
chr1	8000000	10000000	43.75
chr1	43500000	45500000	43.75
chr1	48500000	50500000	43.75
chr1	65500000	67500000	43.75
chr1	81000000	83000000	43.75
chr1	107000000	109000000	43.75
chr1	113000000	115000000	43.75
chr1	188500000	190500000	43.75
chr1	197000000	199000000	43.75
chr1	229000000	231000000	43.75
chr1	232500000	234500000	43.75
chr2	65500000	67500000	43.75
chr2	116500000	118500000	43.75
chr2	117500000	119500000	43.75
chr2	149000000	151000000	43.75
chr2	210000000	212000000	43.75
chr3	8500000	10500000	43.75
chr3	18500000	20500000	43.75
chr3	138000000	140000000	43.75
chr3	195500000	197500000	43.75
chr4	3000000	5000000	43.75
chr4	15500000	17500000	43.75
chr4	26000000	28000000	43.75
chr4	36500000	38500000	43.75
chr4	37000000	39000000	43.75
chr4	97500000	99500000	43.75
chr4	123500000	125500000	43.75
chr4	169000000	171000000	43.75
chr5	18500000	20500000	43.75
chr5	58500000	60500000	43.75
chr5	95000000	97000000	43.75
chr5	143500000	145500000	43.75
chr5	163500000	165500000	43.75
chr5	171500000	173500000	43.75
chr5	173000000	175000000	43.75
chr6	5000000	7000000	43.75
chr6	36000000	38000000	43.75
chr6	50000000	52000000	43.75
chr6	167000000	169000000	43.75
chr7	75500000	77500000	43.75
chr7	81000000	83000000	43.75
chr7	82500000	84500000	43.75
chr7	97000000	99000000	43.75
chr7	101500000	103500000	43.75
chr7	108500000	110500000	43.75
chr8	60000000	62000000	43.75
chr9	6500000	8500000	43.75
chr9	7000000	9000000	43.75
chr9	15000000	17000000	43.75
chr9	85000000	87000000	43.75
chr9	102500000	104500000	43.75
chr10	3000000	5000000	43.75
chr10	13000000	15000000	43.75
chr10	43500000	45500000	43.75
chr10	65500000	67500000	43.75
chr10	114000000	116000000	43.75
chr10	119500000	121500000	43.75
chr11	30000000	32000000	43.75
chr11	112500000	114500000	43.75
chr11	124500000	126500000	43.75
chr12	55500000	57500000	43.75
chr12	77000000	79000000	43.75
chr12	105500000	107500000	43.75
chr12	121500000	123500000	43.75
chr13	27000000	29000000	43.75
chr13	60000000	62000000	43.75
chr13	91500000	93500000	43.75
chr13	102000000	104000000	43.75
chr13	108000000	110000000	43.75
chr14	37000000	39000000	43.75
chr14	37500000	39500000	43.75
chr14	69500000	71500000	43.75
chr14	91000000	93000000	43.75
chr14	95000000	97000000	43.75
chr14	99500000	101500000	43.75
chr15	35500000	37500000	43.75
chr15	39500000	41500000	43.75
chr15	83000000	85000000	43.75
chr15	97000000	99000000	43.75
chr16	8500000	10500000	43.75
chr16	19000000	21000000	43.75
chr16	24000000	26000000	43.75
chr16	51000000	53000000	43.75
chr16	55500000	57500000	43.75
chr16	78000000	80000000	43.75
chr16	80500000	82500000	43.75
chr18	11000000	13000000	43.75
chr18	11500000	13500000	43.75
chr18	39500000	41500000	43.75
chr18	74000000	76000000	43.75
chr19	16000000	18000000	43.75
chr19	28000000	30000000	43.75
chr19	29000000	31000000	43.75
chr19	31500000	33500000	43.75
chr19	32000000	34000000	43.75
chr19	50500000	52500000	43.75
chr19	53000000	55000000	43.75
chr20	11000000	13000000	43.75
chr20	43500000	45500000	43.75
chr20	47000000	49000000	43.75
chr20	56000000	58000000	43.75
chr20	58500000	60500000	43.75
chr21	18000000	20000000	43.75
chr22	39500000	41500000	43.75
chr22	48500000	50500000	43.75
chrX	77000000	79000000	43.75
chrX	85500000	87500000	43.75
chrX	126000000	128000000	43.75
chr1	8500000	10500000	43.5
chr1	70000000	72000000	43.5
chr1	150000000	152000000	43.5
chr1	165000000	167000000	43.5
chr1	167000000	169000000	43.5
chr1	180000000	182000000	43.5
chr1	200000000	202000000	43.5
chr1	207000000	209000000	43.5
chr1	222000000	224000000	43.5
chr1	244000000	246000000	43.5
chr2	13500000	15500000	43.5
chr2	29000000	31000000	43.5
chr2	58500000	60500000	43.5
chr2	140500000	142500000	43.5
chr2	171500000	173500000	43.5
chr3	3000000	5000000	43.5
chr3	20500000	22500000	43.5
chr3	27000000	29000000	43.5
chr3	54000000	56000000	43.5
chr3	171500000	173500000	43.5
chr3	172500000	174500000	43.5
chr4	20000000	22000000	43.5
chr4	31000000	33000000	43.5
chr4	84500000	86500000	43.5
chr4	108500000	110500000	43.5
chr4	109000000	111000000	43.5
chr4	133000000	135000000	43.5
chr5	0	2000000	43.5
chr5	5500000	7500000	43.5
chr5	17500000	19500000	43.5
chr5	37000000	39000000	43.5
chr5	42000000	44000000	43.5
chr5	42500000	44500000	43.5
chr5	105500000	107500000	43.5
chr5	156500000	158500000	43.5
chr5	164000000	166000000	43.5
chr5	172000000	174000000	43.5
chr5	172500000	174500000	43.5
chr6	11500000	13500000	43.5
chr6	35000000	37000000	43.5
chr6	85000000	87000000	43.5
chr6	89500000	91500000	43.5
chr6	122000000	124000000	43.5
chr6	123000000	125000000	43.5
chr6	138500000	140500000	43.5
chr6	153000000	155000000	43.5
chr6	157500000	159500000	43.5
chr7	10000000	12000000	43.5
chr7	27500000	29500000	43.5
chr7	53000000	55000000	43.5
chr7	78500000	80500000	43.5
chr7	125500000	127500000	43.5
chr7	127000000	129000000	43.5
chr7	129000000	131000000	43.5
chr7	155500000	157500000	43.5
chr7	156000000	158000000	43.5
chr8	103000000	105000000	43.5
chr8	104000000	106000000	43.5
chr8	106500000	108500000	43.5
chr8	121500000	123500000	43.5
chr9	20500000	22500000	43.5
chr9	21500000	23500000	43.5
chr9	22000000	24000000	43.5
chr9	23500000	25500000	43.5
chr9	85500000	87500000	43.5
chr9	100500000	102500000	43.5
chr9	106500000	108500000	43.5
chr9	134000000	136000000	43.5
chr10	42000000	44000000	43.5
chr10	43000000	45000000	43.5
chr10	54500000	56500000	43.5
chr10	56500000	58500000	43.5
chr10	80000000	82000000	43.5
chr10	108000000	110000000	43.5
chr10	115000000	117000000	43.5
chr11	91500000	93500000	43.5
chr12	40000000	42000000	43.5
chr12	55000000	57000000	43.5
chr12	76000000	78000000	43.5
chr12	93500000	95500000	43.5
chr12	106000000	108000000	43.5
chr13	21500000	23500000	43.5
chr13	30000000	32000000	43.5
chr13	38500000	40500000	43.5
chr13	98000000	100000000	43.5
chr14	19500000	21500000	43.5
chr14	79500000	81500000	43.5
chr15	82500000	84500000	43.5
chr16	5000000	7000000	43.5
chr16	50000000	52000000	43.5
chr16	63000000	65000000	43.5
chr17	500000	2500000	43.5
chr17	33000000	35000000	43.5
chr18	30500000	32500000	43.5
chr18	38000000	40000000	43.5
chr19	20500000	22500000	43.5
chr20	9500000	11500000	43.5
chr20	12000000	14000000	43.5
chr20	17000000	19000000	43.5
chr20	53500000	55500000	43.5
chr20	57500000	59500000	43.5
chr22	20000000	22000000	43.5
chr22	39000000	41000000	43.5
chr22	47000000	49000000	43.5
chrX	108000000	110000000	43.5
chr1	29500000	31500000	43.25
chr1	32500000	34500000	43.25
chr1	47000000	49000000	43.25
chr1	224000000	226000000	43.25
chr1	226000000	228000000	43.25
chr1	231000000	233000000	43.25
chr2	19000000	21000000	43.25
chr2	29500000	31500000	43.25
chr2	64500000	66500000	43.25
chr2	127500000	129500000	43.25
chr2	159500000	161500000	43.25
chr2	171000000	173000000	43.25
chr2	172000000	174000000	43.25
chr2	219500000	221500000	43.25
chr2	233000000	235000000	43.25
chr3	19000000	21000000	43.25
chr3	23000000	25000000	43.25
chr3	32500000	34500000	43.25
chr3	34000000	36000000	43.25
chr3	42500000	44500000	43.25
chr3	57000000	59000000	43.25
chr3	67000000	69000000	43.25
chr3	99500000	101500000	43.25
chr3	104000000	106000000	43.25
chr3	166500000	168500000	43.25
chr3	172000000	174000000	43.25
chr3	187000000	189000000	43.25
chr4	59000000	61000000	43.25
chr4	131500000	133500000	43.25
chr4	168000000	170000000	43.25
chr5	13000000	15000000	43.25
chr5	16000000	18000000	43.25
chr5	50500000	52500000	43.25
chr5	51500000	53500000	43.25
chr5	55500000	57500000	43.25
chr5	67500000	69500000	43.25
chr5	73000000	75000000	43.25
chr5	131000000	133000000	43.25
chr5	143000000	145000000	43.25
chr5	167500000	169500000	43.25
chr6	2000000	4000000	43.25
chr6	17000000	19000000	43.25
chr6	25000000	27000000	43.25
chr6	126000000	128000000	43.25
chr6	126500000	128500000	43.25
chr6	163000000	165000000	43.25
chr7	21000000	23000000	43.25
chr7	25000000	27000000	43.25
chr7	32500000	34500000	43.25
chr7	33500000	35500000	43.25
chr7	49000000	51000000	43.25
chr7	70000000	72000000	43.25
chr7	75000000	77000000	43.25
chr7	79500000	81500000	43.25
chr7	81500000	83500000	43.25
chr7	85500000	87500000	43.25
chr7	107500000	109500000	43.25
chr8	48000000	50000000	43.25
chr8	71000000	73000000	43.25
chr8	89000000	91000000	43.25
chr8	111000000	113000000	43.25
chr8	137000000	139000000	43.25
chr9	5000000	7000000	43.25
chr9	87000000	89000000	43.25
chr9	91000000	93000000	43.25
chr9	120500000	122500000	43.25
chr10	1000000	3000000	43.25
chr10	10500000	12500000	43.25
chr10	12500000	14500000	43.25
chr10	31500000	33500000	43.25
chr10	41500000	43500000	43.25
chr10	70000000	72000000	43.25
chr10	79000000	81000000	43.25
chr10	105500000	107500000	43.25
chr10	121000000	123000000	43.25
chr10	123000000	125000000	43.25
chr11	7000000	9000000	43.25
chr11	17500000	19500000	43.25
chr11	37000000	39000000	43.25
chr12	57000000	59000000	43.25
chr12	94500000	96500000	43.25
chr12	117500000	119500000	43.25
chr12	122000000	124000000	43.25
chr12	125000000	127000000	43.25
chr13	28000000	30000000	43.25
chr13	48000000	50000000	43.25
chr13	48500000	50500000	43.25
chr13	95000000	97000000	43.25
chr13	98500000	100500000	43.25
chr14	72000000	74000000	43.25
chr14	72500000	74500000	43.25
chr15	24000000	26000000	43.25
chr15	25000000	27000000	43.25
chr15	50000000	52000000	43.25
chr15	91500000	93500000	43.25
chr15	98000000	100000000	43.25
chr16	62500000	64500000	43.25
chr16	71000000	73000000	43.25
chr16	80000000	82000000	43.25
chr17	68500000	70500000	43.25
chr18	23000000	25000000	43.25
chr18	29000000	31000000	43.25
chr18	75500000	77500000	43.25
chr19	1500000	3500000	43.25
chr19	3000000	5000000	43.25
chr19	4000000	6000000	43.25
chr19	4500000	6500000	43.25
chr19	9500000	11500000	43.25
chr19	30500000	32500000	43.25
chr19	31000000	33000000	43.25
chr19	48000000	50000000	43.25
chr19	51000000	53000000	43.25
chr20	1000000	3000000	43.25
chr20	2500000	4500000	43.25
chr20	9000000	11000000	43.25
chr20	59000000	61000000	43.25
chr22	33000000	35000000	43.25
chrX	13000000	15000000	43.25
chrX	69500000	71500000	43.25
chrX	144500000	146500000	43.25
chr1	13000000	15000000	43
chr1	28500000	30500000	43
chr1	29000000	31000000	43
chr1	60000000	62000000	43
chr1	88000000	90000000	43
chr1	119500000	121500000	43
chr1	150500000	152500000	43
chr1	153000000	155000000	43
chr1	159000000	161000000	43
chr1	221500000	223500000	43
chr1	225000000	227000000	43
chr1	240000000	242000000	43
chr1	241000000	243000000	43
chr2	4500000	6500000	43
chr2	6500000	8500000	43
chr2	31000000	33000000	43
chr2	40000000	42000000	43
chr2	46500000	48500000	43
chr2	47000000	49000000	43
chr2	104000000	106000000	43
chr3	6000000	8000000	43
chr3	9000000	11000000	43
chr3	33000000	35000000	43
chr3	61000000	63000000	43
chr3	70500000	72500000	43
chr3	130500000	132500000	43
chr3	136000000	138000000	43
chr3	153500000	155500000	43
chr3	162000000	164000000	43
chr4	6000000	8000000	43
chr4	14000000	16000000	43
chr4	98500000	100500000	43
chr4	112500000	114500000	43
chr4	128000000	130000000	43
chr4	133500000	135500000	43
chr4	148000000	150000000	43
chr4	164500000	166500000	43
chr5	1500000	3500000	43
chr5	96500000	98500000	43
chr5	104000000	106000000	43
chr5	118000000	120000000	43
chr5	127000000	129000000	43
chr5	144500000	146500000	43
chr5	174000000	176000000	43
chr6	6000000	8000000	43
chr6	98000000	100000000	43
chr6	163500000	165500000	43
chr6	167500000	169500000	43
chr7	8000000	10000000	43
chr7	22000000	24000000	43
chr7	28500000	30500000	43
chr7	72500000	74500000	43
chr7	88500000	90500000	43
chr7	112000000	114000000	43
chr7	148000000	150000000	43
chr8	2500000	4500000	43
chr8	59500000	61500000	43
chr8	105500000	107500000	43
chr9	9500000	11500000	43
chr9	24000000	26000000	43
chr9	107500000	109500000	43
chr9	129500000	131500000	43
chr9	130000000	132000000	43
chr10	12000000	14000000	43
chr10	18000000	20000000	43
chr10	32500000	34500000	43
chr10	52500000	54500000	43
chr10	91000000	93000000	43
chr10	93500000	95500000	43
chr10	101500000	103500000	43
chr10	106500000	108500000	43
chr10	122000000	124000000	43
chr10	124500000	126500000	43
chr11	5000000	7000000	43
chr11	24000000	26000000	43
chr11	58000000	60000000	43
chr11	101000000	103000000	43
chr12	17500000	19500000	43
chr12	30000000	32000000	43
chr12	64500000	66500000	43
chr12	99000000	101000000	43
chr12	118000000	120000000	43
chr13	27500000	29500000	43
chr13	49500000	51500000	43
chr13	53500000	55500000	43
chr13	59500000	61500000	43
chr13	92000000	94000000	43
chr14	36500000	38500000	43
chr14	76500000	78500000	43
chr14	96500000	98500000	43
chr14	98000000	100000000	43
chr14	99000000	101000000	43
chr15	37000000	39000000	43
chr15	63500000	65500000	43
chr15	80500000	82500000	43
chr15	99500000	101500000	43
chr16	8000000	10000000	43
chr16	30000000	32000000	43
chr16	52000000	54000000	43
chr16	52500000	54500000	43
chr16	63500000	65500000	43
chr16	68000000	70000000	43
chr16	78500000	80500000	43
chr17	69000000	71000000	43
chr18	3000000	5000000	43
chr18	3500000	5500000	43
chr18	8000000	10000000	43
chr18	24000000	26000000	43
chr18	37000000	39000000	43
chr19	17500000	19500000	43
chr19	52000000	54000000	43
chr19	52500000	54500000	43
chr20	500000	2500000	43
chr20	2000000	4000000	43
chr20	60000000	62000000	43
chr21	38500000	40500000	43
chr22	20500000	22500000	43
chr22	26000000	28000000	43
chr22	32000000	34000000	43
chr22	36500000	38500000	43
chr22	47500000	49500000	43
chrX	26000000	28000000	43
chrX	84000000	86000000	43
chr1	19000000	21000000	42.75
chr1	52500000	54500000	42.75
chr1	79500000	81500000	42.75
chr1	199500000	201500000	42.75
chr1	222500000	224500000	42.75
chr1	233000000	235000000	42.75
chr2	5000000	7000000	42.75
chr2	22500000	24500000	42.75
chr2	58000000	60000000	42.75
chr2	105500000	107500000	42.75
chr2	146000000	148000000	42.75
chr2	205500000	207500000	42.75
chr2	206500000	208500000	42.75
chr2	207000000	209000000	42.75
chr2	210500000	212500000	42.75
chr3	9500000	11500000	42.75
chr3	12000000	14000000	42.75
chr3	12500000	14500000	42.75
chr3	27500000	29500000	42.75
chr3	56500000	58500000	42.75
chr3	59000000	61000000	42.75
chr3	80500000	82500000	42.75
chr3	134500000	136500000	42.75
chr3	144500000	146500000	42.75
chr3	148500000	150500000	42.75
chr4	5000000	7000000	42.75
chr4	99000000	101000000	42.75
chr4	120000000	122000000	42.75
chr4	152000000	154000000	42.75
chr4	165000000	167000000	42.75
chr4	182000000	184000000	42.75
chr5	15500000	17500000	42.75
chr5	35000000	37000000	42.75
chr5	103500000	105500000	42.75
chr5	159000000	161000000	42.75
chr6	18500000	20500000	42.75
chr6	39000000	41000000	42.75
chr6	86000000	88000000	42.75
chr6	91000000	93000000	42.75
chr6	104000000	106000000	42.75
chr6	113500000	115500000	42.75
chr6	123500000	125500000	42.75
chr6	142500000	144500000	42.75
chr6	152500000	154500000	42.75
chr6	158500000	160500000	42.75
chr7	9000000	11000000	42.75
chr7	47500000	49500000	42.75
chr7	132500000	134500000	42.75
chr8	1000000	3000000	42.75
chr8	13500000	15500000	42.75
chr8	14000000	16000000	42.75
chr8	17000000	19000000	42.75
chr8	31500000	33500000	42.75
chr8	39000000	41000000	42.75
chr8	55000000	57000000	42.75
chr8	63000000	65000000	42.75
chr8	88500000	90500000	42.75
chr8	121000000	123000000	42.75
chr8	125500000	127500000	42.75
chr9	4500000	6500000	42.75
chr9	16000000	18000000	42.75
chr9	75000000	77000000	42.75
chr9	86500000	88500000	42.75
chr9	90500000	92500000	42.75
chr9	94000000	96000000	42.75
chr9	100000000	102000000	42.75
chr9	103000000	105000000	42.75
chr9	110500000	112500000	42.75
chr9	133000000	135000000	42.75
chr10	500000	2500000	42.75
chr10	14000000	16000000	42.75
chr10	25500000	27500000	42.75
chr10	32000000	34000000	42.75
chr10	36000000	38000000	42.75
chr10	36500000	38500000	42.75
chr10	52000000	54000000	42.75
chr10	70500000	72500000	42.75
chr10	93000000	95000000	42.75
chr10	113500000	115500000	42.75
chr11	500000	2500000	42.75
chr11	12500000	14500000	42.75
chr11	69500000	71500000	42.75
chr12	500000	2500000	42.75
chr12	75000000	77000000	42.75
chr12	122500000	124500000	42.75
chr12	129000000	131000000	42.75
chr13	44000000	46000000	42.75
chr13	57000000	59000000	42.75
chr13	58000000	60000000	42.75
chr14	85000000	87000000	42.75
chr15	23500000	25500000	42.75
chr15	62500000	64500000	42.75
chr15	85000000	87000000	42.75
chr15	97500000	99500000	42.75
chr16	19500000	21500000	42.75
chr16	26000000	28000000	42.75
chr16	58500000	60500000	42.75
chr16	64000000	66000000	42.75
chr17	12000000	14000000	42.75
chr17	27500000	29500000	42.75
chr17	48000000	50000000	42.75
chr17	58500000	60500000	42.75
chr17	79000000	81000000	42.75
chr17	79500000	81500000	42.75
chr18	36500000	38500000	42.75
chr18	55000000	57000000	42.75
chr18	71000000	73000000	42.75
chr19	15500000	17500000	42.75
chr19	17000000	19000000	42.75
chr19	30000000	32000000	42.75
chr20	3000000	5000000	42.75
chr20	3500000	5500000	42.75
chr20	30500000	32500000	42.75
chr20	42500000	44500000	42.75
chr20	56500000	58500000	42.75
chr20	58000000	60000000	42.75
chr21	24500000	26500000	42.75
chr22	23500000	25500000	42.75
chrX	31500000	33500000	42.75
chrX	32000000	34000000	42.75
chrX	145500000	147500000	42.75
chr1	30000000	32000000	42.5
chr1	31500000	33500000	42.5
chr1	66500000	68500000	42.5
chr1	106500000	108500000	42.5
chr1	149500000	151500000	42.5
chr1	155000000	157000000	42.5
chr1	163500000	165500000	42.5
chr2	3500000	5500000	42.5
chr2	4000000	6000000	42.5
chr2	14500000	16500000	42.5
chr2	31500000	33500000	42.5
chr2	42000000	44000000	42.5
chr2	76500000	78500000	42.5
chr2	150000000	152000000	42.5
chr2	203500000	205500000	42.5
chr2	230500000	232500000	42.5
chr3	13000000	15000000	42.5
chr3	13500000	15500000	42.5
chr3	31500000	33500000	42.5
chr3	62500000	64500000	42.5
chr3	98500000	100500000	42.5
chr3	116500000	118500000	42.5
chr3	142500000	144500000	42.5
chr3	167000000	169000000	42.5
chr3	170000000	172000000	42.5
chr3	170500000	172500000	42.5
chr4	10000000	12000000	42.5
chr4	11000000	13000000	42.5
chr4	186000000	188000000	42.5
chr5	1000000	3000000	42.5
chr5	18000000	20000000	42.5
chr5	76500000	78500000	42.5
chr5	77000000	79000000	42.5
chr5	106000000	108000000	42.5
chr5	111500000	113500000	42.5
chr5	113500000	115500000	42.5
chr5	119000000	121000000	42.5
chr5	178500000	180500000	42.5
chr6	14000000	16000000	42.5
chr6	20500000	22500000	42.5
chr6	35500000	37500000	42.5
chr6	64000000	66000000	42.5
chr6	90500000	92500000	42.5
chr6	91500000	93500000	42.5
chr6	122500000	124500000	42.5
chr6	129000000	131000000	42.5
chr6	141500000	143500000	42.5
chr7	72000000	74000000	42.5
chr7	123500000	125500000	42.5
chr7	138000000	140000000	42.5
chr8	34000000	36000000	42.5
chr8	48500000	50500000	42.5
chr8	106000000	108000000	42.5
chr8	133500000	135500000	42.5
chr8	142500000	144500000	42.5
chr9	15500000	17500000	42.5
chr9	16500000	18500000	42.5
chr10	28000000	30000000	42.5
chr10	55000000	57000000	42.5
chr10	57000000	59000000	42.5
chr10	69500000	71500000	42.5
chr10	106000000	108000000	42.5
chr11	3500000	5500000	42.5
chr11	5500000	7500000	42.5
chr11	15000000	17000000	42.5
chr11	91000000	93000000	42.5
chr12	5500000	7500000	42.5
chr12	92500000	94500000	42.5
chr12	93000000	95000000	42.5
chr12	109500000	111500000	42.5
chr12	124000000	126000000	42.5
chr12	124500000	126500000	42.5
chr12	126000000	128000000	42.5
chr12	128500000	130500000	42.5
chr13	30500000	32500000	42.5
chr13	44500000	46500000	42.5
chr13	57500000	59500000	42.5
chr13	87000000	89000000	42.5
chr13	88000000	90000000	42.5
chr14	19000000	21000000	42.5
chr14	41000000	43000000	42.5
chr14	50000000	52000000	42.5
chr14	76000000	78000000	42.5
chr15	24500000	26500000	42.5
chr15	39000000	41000000	42.5
chr15	40500000	42500000	42.5
chr15	99000000	101000000	42.5
chr16	18000000	20000000	42.5
chr16	23500000	25500000	42.5
chr16	53000000	55000000	42.5
chr16	56000000	58000000	42.5
chr17	1000000	3000000	42.5
chr17	5500000	7500000	42.5
chr17	39500000	41500000	42.5
chr17	51000000	53000000	42.5
chr18	35500000	37500000	42.5
chr18	41000000	43000000	42.5
chr18	67500000	69500000	42.5
chr18	72500000	74500000	42.5
chr20	17500000	19500000	42.5
chr20	18000000	20000000	42.5
chr20	43000000	45000000	42.5
chr20	46500000	48500000	42.5
chr20	59500000	61500000	42.5
chr20	60500000	62500000	42.5
chr21	17000000	19000000	42.5
chr21	19000000	21000000	42.5
chr22	34000000	36000000	42.5
chrX	34500000	36500000	42.5
chrX	72500000	74500000	42.5
chrX	85000000	87000000	42.5
chrX	86000000	88000000	42.5
chrX	89000000	91000000	42.5
chrX	144000000	146000000	42.5
chr1	2500000	4500000	42.25
chr1	70500000	72500000	42.25
chr1	74000000	76000000	42.25
chr1	81500000	83500000	42.25
chr1	84500000	86500000	42.25
chr1	112500000	114500000	42.25
chr1	160000000	162000000	42.25
chr1	192000000	194000000	42.25
chr2	17000000	19000000	42.25
chr2	17500000	19500000	42.25
chr2	34000000	36000000	42.25
chr2	128000000	130000000	42.25
chr2	168000000	170000000	42.25
chr2	212000000	214000000	42.25
chr2	215000000	217000000	42.25
chr2	215500000	217500000	42.25
chr2	223500000	225500000	42.25
chr2	227000000	229000000	42.25
chr2	230000000	232000000	42.25
chr2	235500000	237500000	42.25
chr3	5000000	7000000	42.25
chr3	55000000	57000000	42.25
chr3	72500000	74500000	42.25
chr3	132500000	134500000	42.25
chr3	193500000	195500000	42.25
chr4	3500000	5500000	42.25
chr4	5500000	7500000	42.25
chr4	8500000	10500000	42.25
chr4	25000000	27000000	42.25
chr4	63000000	65000000	42.25
chr4	66500000	68500000	42.25
chr4	100500000	102500000	42.25
chr4	109500000	111500000	42.25
chr4	130500000	132500000	42.25
chr4	162000000	164000000	42.25
chr4	178500000	180500000	42.25
chr5	116000000	118000000	42.25
chr5	136000000	138000000	42.25
chr5	168000000	170000000	42.25
chr5	168500000	170500000	42.25
chr5	178000000	180000000	42.25
chr6	12000000	14000000	42.25
chr6	19500000	21500000	42.25
chr6	43500000	45500000	42.25
chr6	69500000	71500000	42.25
chr6	83000000	85000000	42.25
chr6	100000000	102000000	42.25
chr6	104500000	106500000	42.25
chr6	107500000	109500000	42.25
chr6	119000000	121000000	42.25
chr6	142000000	144000000	42.25
chr7	5000000	7000000	42.25
chr7	21500000	23500000	42.25
chr7	30500000	32500000	42.25
chr7	71500000	73500000	42.25
chr7	86500000	88500000	42.25
chr7	95000000	97000000	42.25
chr7	111500000	113500000	42.25
chr7	153000000	155000000	42.25
chr8	26500000	28500000	42.25
chr8	60500000	62500000	42.25
chr8	71500000	73500000	42.25
chr8	108000000	110000000	42.25
chr9	73500000	75500000	42.25
chr9	110000000	112000000	42.25
chr10	21500000	23500000	42.25
chr10	57500000	59500000	42.25
chr10	80500000	82500000	42.25
chr11	23000000	25000000	42.25
chr11	26000000	28000000	42.25
chr11	28500000	30500000	42.25
chr11	42500000	44500000	42.25
chr11	81500000	83500000	42.25
chr11	115000000	117000000	42.25
chr12	1000000	3000000	42.25
chr12	15000000	17000000	42.25
chr13	22500000	24500000	42.25
chr13	81000000	83000000	42.25
chr13	92500000	94500000	42.25
chr14	97000000	99000000	42.25
chr15	37500000	39500000	42.25
chr16	55000000	57000000	42.25
chr16	62000000	64000000	42.25
chr16	75000000	77000000	42.25
chr17	57500000	59500000	42.25
chr18	4000000	6000000	42.25
chr18	8500000	10500000	42.25
chr18	10500000	12500000	42.25
chr18	23500000	25500000	42.25
chr18	35000000	37000000	42.25
chr18	36000000	38000000	42.25
chr18	52000000	54000000	42.25
chr18	78500000	80373285	42.25
chr19	34500000	36500000	42.25
chr19	39000000	41000000	42.25
chr20	4000000	6000000	42.25
chr20	18500000	20500000	42.25
chr20	55500000	57500000	42.25
chr21	19500000	21500000	42.25
chr21	23500000	25500000	42.25
chr21	24000000	26000000	42.25
chr21	25000000	27000000	42.25
chrX	31000000	33000000	42.25
chrX	83000000	85000000	42.25
chrX	84500000	86500000	42.25
chrX	122500000	124500000	42.25
chr1	4000000	6000000	42
chr1	7500000	9500000	42
chr1	14500000	16500000	42
chr1	36500000	38500000	42
chr1	55000000	57000000	42
chr1	80000000	82000000	42
chr1	155500000	157500000	42
chr1	206000000	208000000	42
chr1	224500000	226500000	42
chr2	5500000	7500000	42
chr2	14000000	16000000	42
chr2	46000000	48000000	42
chr2	112500000	114500000	42
chr2	115500000	117500000	42
chr2	137000000	139000000	42
chr2	155500000	157500000	42
chr3	8000000	10000000	42
chr3	21000000	23000000	42
chr3	71500000	73500000	42
chr3	81000000	83000000	42
chr3	131000000	133000000	42
chr3	143500000	145500000	42
chr4	7000000	9000000	42
chr4	25500000	27500000	42
chr4	75000000	77000000	42
chr4	87500000	89500000	42
chr4	97000000	99000000	42
chr4	132000000	134000000	42
chr4	180500000	182500000	42
chr5	5000000	7000000	42
chr5	25000000	27000000	42
chr5	28500000	30500000	42
chr5	78000000	80000000	42
chr5	104500000	106500000	42
chr5	122500000	124500000	42
chr5	141500000	143500000	42
chr5	153500000	155500000	42
chr6	0	2000000	42
chr6	5500000	7500000	42
chr6	21500000	23500000	42
chr6	44000000	46000000	42
chr6	47000000	49000000	42
chr6	103500000	105500000	42
chr6	107000000	109000000	42
chr6	127000000	129000000	42
chr6	152000000	154000000	42
chr6	153500000	155500000	42
chr7	7000000	9000000	42
chr7	88000000	90000000	42
chr7	95500000	97500000	42
chr7	127500000	129500000	42
chr7	148500000	150500000	42
chr7	149000000	151000000	42
chr7	157000000	159000000	42
chr8	61500000	63500000	42
chr8	94500000	96500000	42
chr8	120500000	122500000	42
chr8	129500000	131500000	42
chr8	132500000	134500000	42
chr9	3000000	5000000	42
chr9	41000000	43000000	42
chr9	70000000	72000000	42
chr9	135500000	137500000	42
chr10	31000000	33000000	42
chr10	58500000	60500000	42
chr10	78000000	80000000	42
chr10	81000000	83000000	42
chr10	86500000	88500000	42
chr10	87000000	89000000	42
chr10	90500000	92500000	42
chr11	25000000	27000000	42
chr11	113000000	115000000	42
chr12	1500000	3500000	42
chr12	6000000	8000000	42
chr12	21000000	23000000	42
chr12	66500000	68500000	42
chr12	70000000	72000000	42
chr12	115500000	117500000	42
chr12	127000000	129000000	42
chr13	18500000	20500000	42
chr13	22000000	24000000	42
chr13	60500000	62500000	42
chr13	84500000	86500000	42
chr13	89000000	91000000	42
chr14	98500000	100500000	42
chr15	38000000	40000000	42
chr15	49500000	51500000	42
chr16	51500000	53500000	42
chr16	53500000	55500000	42
chr16	61000000	63000000	42
chr17	2000000	4000000	42
chr17	47500000	49500000	42
chr17	50000000	52000000	42
chr18	75000000	77000000	42
chr20	29000000	31000000	42
chr20	50000000	52000000	42
chr20	61000000	63000000	42
chr21	13500000	15500000	42
chr21	18500000	20500000	42
chr22	18500000	20500000	42
chr22	23000000	25000000	42
chr22	29000000	31000000	42
chr22	46000000	48000000	42
chrX	88000000	90000000	42
chrX	127500000	129500000	42
chr1	31000000	33000000	41.75
chr1	66000000	68000000	41.75
chr1	67000000	69000000	41.75
chr1	68000000	70000000	41.75
chr1	69000000	71000000	41.75
chr1	75500000	77500000	41.75
chr1	80500000	82500000	41.75
chr1	87500000	89500000	41.75
chr1	107500000	109500000	41.75
chr1	203000000	205000000	41.75
chr1	227000000	229000000	41.75
chr2	7000000	9000000	41.75
chr2	32500000	34500000	41.75
chr2	72000000	74000000	41.75
chr2	153000000	155000000	41.75
chr2	169000000	171000000	41.75
chr2	170500000	172500000	41.75
chr2	198500000	200500000	41.75
chr2	206000000	208000000	41.75
chr2	224500000	226500000	41.75
chr3	4000000	6000000	41.75
chr3	5500000	7500000	41.75
chr3	6500000	8500000	41.75
chr3	22500000	24500000	41.75
chr3	35500000	37500000	41.75
chr3	36000000	38000000	41.75
chr3	40500000	42500000	41.75
chr3	61500000	63500000	41.75
chr3	64500000	66500000	41.75
chr3	70000000	72000000	41.75
chr3	107500000	109500000	41.75
chr3	113000000	115000000	41.75
chr3	131500000	133500000	41.75
chr3	134000000	136000000	41.75
chr3	161000000	163000000	41.75
chr3	190500000	192500000	41.75
chr4	4000000	6000000	41.75
chr4	6500000	8500000	41.75
chr4	38500000	40500000	41.75
chr4	39500000	41500000	41.75
chr4	101500000	103500000	41.75
chr4	137500000	139500000	41.75
chr4	181500000	183500000	41.75
chr4	185000000	187000000	41.75
chr5	77500000	79500000	41.75
chr5	83500000	85500000	41.75
chr5	105000000	107000000	41.75
chr5	119500000	121500000	41.75
chr5	127500000	129500000	41.75
chr5	152500000	154500000	41.75
chr5	165500000	167500000	41.75
chr5	179000000	181000000	41.75
chr6	2500000	4500000	41.75
chr6	20000000	22000000	41.75
chr6	48000000	50000000	41.75
chr6	63500000	65500000	41.75
chr6	87000000	89000000	41.75
chr6	102500000	104500000	41.75
chr6	133500000	135500000	41.75
chr6	166500000	168500000	41.75
chr7	8500000	10500000	41.75
chr7	10500000	12500000	41.75
chr7	29000000	31000000	41.75
chr7	33000000	35000000	41.75
chr7	34000000	36000000	41.75
chr7	35000000	37000000	41.75
chr7	47000000	49000000	41.75
chr7	52500000	54500000	41.75
chr7	91000000	93000000	41.75
chr7	91500000	93500000	41.75
chr7	109000000	111000000	41.75
chr7	124000000	126000000	41.75
chr7	134500000	136500000	41.75
chr7	155000000	157000000	41.75
chr8	1500000	3500000	41.75
chr8	18500000	20500000	41.75
chr8	21000000	23000000	41.75
chr8	117500000	119500000	41.75
chr8	130000000	132000000	41.75
chr9	4000000	6000000	41.75
chr9	21000000	23000000	41.75
chr9	33000000	35000000	41.75
chr9	78500000	80500000	41.75
chr10	13500000	15500000	41.75
chr10	37000000	39000000	41.75
chr10	50500000	52500000	41.75
chr10	53500000	55500000	41.75
chr10	54000000	56000000	41.75
chr10	58000000	60000000	41.75
chr10	95000000	97000000	41.75
chr10	97000000	99000000	41.75
chr11	3000000	5000000	41.75
chr11	36500000	38500000	41.75
chr11	39000000	41000000	41.75
chr11	67500000	69500000	41.75
chr11	68000000	70000000	41.75
chr11	100500000	102500000	41.75
chr11	112000000	114000000	41.75
chr12	54500000	56500000	41.75
chr12	97500000	99500000	41.75
chr12	99500000	101500000	41.75
chr12	118500000	120500000	41.75
chr12	123500000	125500000	41.75
chr12	126500000	128500000	41.75
chr12	128000000	130000000	41.75
chr13	40500000	42500000	41.75
chr13	49000000	51000000	41.75
chr13	83500000	85500000	41.75
chr13	109000000	111000000	41.75
chr13	109500000	111500000	41.75
chr15	88000000	90000000	41.75
chr16	17000000	19000000	41.75
chr16	17500000	19500000	41.75
chr16	65000000	67000000	41.75
chr16	79000000	81000000	41.75
chr17	70500000	72500000	41.75
chr19	10000000	12000000	41.75
chr20	11500000	13500000	41.75
chr20	29500000	31500000	41.75
chr20	54000000	56000000	41.75
chr21	13000000	15000000	41.75
chr21	14000000	16000000	41.75
chr21	17500000	19500000	41.75
chr21	36000000	38000000	41.75
chr22	24000000	26000000	41.75
chr22	27000000	29000000	41.75
chr22	34500000	36500000	41.75
chrX	66000000	68000000	41.75
chr1	53000000	55000000	41.5
chr1	74500000	76500000	41.5
chr1	112000000	114000000	41.5
chr1	159500000	161500000	41.5
chr1	178500000	180500000	41.5
chr1	219500000	221500000	41.5
chr1	235000000	237000000	41.5
chr1	240500000	242500000	41.5
chr2	6000000	8000000	41.5
chr2	23000000	25000000	41.5
chr2	24000000	26000000	41.5
chr2	39500000	41500000	41.5
chr2	45500000	47500000	41.5
chr2	69000000	71000000	41.5
chr2	168500000	170500000	41.5
chr2	170000000	172000000	41.5
chr2	178500000	180500000	41.5
chr2	186000000	188000000	41.5
chr2	214500000	216500000	41.5
chr2	224000000	226000000	41.5
chr2	226500000	228500000	41.5
chr2	232000000	234000000	41.5
chr3	39500000	41500000	41.5
chr3	40000000	42000000	41.5
chr3	71000000	73000000	41.5
chr3	98000000	100000000	41.5
chr3	103500000	105500000	41.5
chr3	132000000	134000000	41.5
chr3	146500000	148500000	41.5
chr3	165000000	167000000	41.5
chr3	174000000	176000000	41.5
chr3	188000000	190000000	41.5
chr4	2500000	4500000	41.5
chr4	10500000	12500000	41.5
chr4	38000000	40000000	41.5
chr4	103500000	105500000	41.5
chr4	112000000	114000000	41.5
chr4	145000000	147000000	41.5
chr4	163500000	165500000	41.5
chr4	173500000	175500000	41.5
chr5	10000000	12000000	41.5
chr5	34500000	36500000	41.5
chr5	53500000	55500000	41.5
chr5	95500000	97500000	41.5
chr5	122000000	124000000	41.5
chr5	154000000	156000000	41.5
chr5	159500000	161500000	41.5
chr5	163000000	165000000	41.5
chr5	169000000	171000000	41.5
chr5	173500000	175500000	41.5
chr6	11000000	13000000	41.5
chr6	24000000	26000000	41.5
chr6	92500000	94500000	41.5
chr6	128500000	130500000	41.5
chr7	1000000	3000000	41.5
chr7	5500000	7500000	41.5
chr7	7500000	9500000	41.5
chr7	17000000	19000000	41.5
chr7	34500000	36500000	41.5
chr7	71000000	73000000	41.5
chr7	128500000	130500000	41.5
chr7	137500000	139500000	41.5
chr8	0	2000000	41.5
chr8	23000000	25000000	41.5
chr8	61000000	63000000	41.5
chr8	94000000	96000000	41.5
chr8	128000000	130000000	41.5
chr8	137500000	139500000	41.5
chr9	72500000	74500000	41.5
chr9	103500000	105500000	41.5
chr9	117500000	119500000	41.5
chr9	121000000	123000000	41.5
chr10	8000000	10000000	41.5
chr10	51000000	53000000	41.5
chr10	62000000	64000000	41.5
chr10	88500000	90500000	41.5
chr10	92500000	94500000	41.5
chr10	129000000	131000000	41.5
chr10	130000000	132000000	41.5
chr11	13000000	15000000	41.5
chr11	19500000	21500000	41.5
chr11	22500000	24500000	41.5
chr11	41000000	43000000	41.5
chr11	83500000	85500000	41.5
chr11	93500000	95500000	41.5
chr11	111500000	113500000	41.5
chr11	113500000	115500000	41.5
chr12	29500000	31500000	41.5
chr12	70500000	72500000	41.5
chr12	86500000	88500000	41.5
chr12	103000000	105000000	41.5
chr13	21000000	23000000	41.5
chr13	34000000	36000000	41.5
chr13	38000000	40000000	41.5
chr13	39000000	41000000	41.5
chr13	71000000	73000000	41.5
chr13	93000000	95000000	41.5
chr13	97000000	99000000	41.5
chr13	99000000	101000000	41.5
chr13	105000000	107000000	41.5
chr14	22500000	24500000	41.5
chr14	27000000	29000000	41.5
chr14	33500000	35500000	41.5
chr14	36000000	38000000	41.5
chr14	43000000	45000000	41.5
chr14	43500000	45500000	41.5
chr14	73500000	75500000	41.5
chr14	90500000	92500000	41.5
chr14	94500000	96500000	41.5
chr14	102500000	104500000	41.5
chr16	2500000	4500000	41.5
chr16	16500000	18500000	41.5
chr16	56500000	58500000	41.5
chr17	13000000	15000000	41.5
chr17	50500000	52500000	41.5
chr18	9000000	11000000	41.5
chr18	9500000	11500000	41.5
chr18	12500000	14500000	41.5
chr18	21000000	23000000	41.5
chr18	38500000	40500000	41.5
chr18	60500000	62500000	41.5
chr18	74500000	76500000	41.5
chr19	35000000	37000000	41.5
chr20	8000000	10000000	41.5
chr20	13500000	15500000	41.5
chr20	62500000	64444167	41.5
chr21	23000000	25000000	41.5
chr21	34500000	36500000	41.5
chr21	44000000	46000000	41.5
chr22	37500000	39500000	41.5
chrX	12500000	14500000	41.5
chrX	77500000	79500000	41.5
chrX	91000000	93000000	41.5
chrX	122000000	124000000	41.5
chrX	123000000	125000000	41.5
chrX	137500000	139500000	41.5
chrX	143000000	145000000	41.5
chr1	7000000	9000000	41.25
chr1	27500000	29500000	41.25
chr1	33000000	35000000	41.25
chr1	73500000	75500000	41.25
chr1	75000000	77000000	41.25
chr1	108000000	110000000	41.25
chr1	109000000	111000000	41.25
chr1	114000000	116000000	41.25
chr1	206500000	208500000	41.25
chr1	216000000	218000000	41.25
chr1	242500000	244500000	41.25
chr2	19500000	21500000	41.25
chr2	85000000	87000000	41.25
chr2	122000000	124000000	41.25
chr2	136500000	138500000	41.25
chr2	147000000	149000000	41.25
chr2	167500000	169500000	41.25
chr2	204000000	206000000	41.25
chr3	25000000	27000000	41.25
chr3	45000000	47000000	41.25
chr3	62000000	64000000	41.25
chr3	68000000	70000000	41.25
chr3	75000000	77000000	41.25
chr3	83500000	85500000	41.25
chr3	84500000	86500000	41.25
chr3	169500000	171500000	41.25
chr3	189500000	191500000	41.25
chr4	27000000	29000000	41.25
chr4	52000000	54000000	41.25
chr4	52500000	54500000	41.25
chr4	54500000	56500000	41.25
chr4	101000000	103000000	41.25
chr4	134000000	136000000	41.25
chr4	135500000	137500000	41.25
chr4	176500000	178500000	41.25
chr4	185500000	187500000	41.25
chr5	40500000	42500000	41.25
chr5	66500000	68500000	41.25
chr5	160000000	162000000	41.25
chr6	3500000	5500000	41.25
chr6	83500000	85500000	41.25
chr6	84000000	86000000	41.25
chr6	86500000	88500000	41.25
chr6	131000000	133000000	41.25
chr7	38000000	40000000	41.25
chr7	51500000	53500000	41.25
chr7	52000000	54000000	41.25
chr7	85000000	87000000	41.25
chr7	123000000	125000000	41.25
chr7	153500000	155500000	41.25
chr7	154000000	156000000	41.25
chr8	2000000	4000000	41.25
chr8	24500000	26500000	41.25
chr8	34500000	36500000	41.25
chr8	49000000	51000000	41.25
chr8	74500000	76500000	41.25
chr8	92500000	94500000	41.25
chr8	114000000	116000000	41.25
chr8	118000000	120000000	41.25
chr8	118500000	120500000	41.25
chr8	143000000	145000000	41.25
chr9	3500000	5500000	41.25
chr9	10000000	12000000	41.25
chr9	25500000	27500000	41.25
chr9	84500000	86500000	41.25
chr9	94500000	96500000	41.25
chr10	17500000	19500000	41.25
chr10	33000000	35000000	41.25
chr10	86000000	88000000	41.25
chr10	101000000	103000000	41.25
chr10	104500000	106500000	41.25
chr10	123500000	125500000	41.25
chr10	131500000	133500000	41.25
chr11	18000000	20000000	41.25
chr11	79000000	81000000	41.25
chr11	92500000	94500000	41.25
chr12	44500000	46500000	41.25
chr12	47000000	49000000	41.25
chr12	54000000	56000000	41.25
chr12	86000000	88000000	41.25
chr12	100000000	102000000	41.25
chr12	115000000	117000000	41.25
chr12	116500000	118500000	41.25
chr12	123000000	125000000	41.25
chr12	125500000	127500000	41.25
chr12	127500000	129500000	41.25
chr13	78000000	80000000	41.25
chr13	78500000	80500000	41.25
chr13	93500000	95500000	41.25
chr13	95500000	97500000	41.25
chr13	104000000	106000000	41.25
chr14	41500000	43500000	41.25
chr14	42000000	44000000	41.25
chr14	48000000	50000000	41.25
chr14	68500000	70500000	41.25
chr15	89000000	91000000	41.25
chr16	4000000	6000000	41.25
chr16	4500000	6500000	41.25
chr16	12000000	14000000	41.25
chr16	12500000	14500000	41.25
chr16	49000000	51000000	41.25
chr16	60000000	62000000	41.25
chr16	75500000	77500000	41.25
chr17	12500000	14500000	41.25
chr17	72500000	74500000	41.25
chr17	75000000	77000000	41.25
chr18	1000000	3000000	41.25
chr18	5000000	7000000	41.25
chr18	12000000	14000000	41.25
chr18	41500000	43500000	41.25
chr18	46500000	48500000	41.25
chr18	61000000	63000000	41.25
chr19	13000000	15000000	41.25
chr19	40000000	42000000	41.25
chr20	0	2000000	41.25
chr20	4500000	6500000	41.25
chr20	39000000	41000000	41.25
chr20	42000000	44000000	41.25
chr20	44500000	46500000	41.25
chr20	45500000	47500000	41.25
chr20	51500000	53500000	41.25
chr20	52000000	54000000	41.25
chr21	37000000	39000000	41.25
chr21	38000000	40000000	41.25
chrX	145000000	147000000	41.25
chr1	9000000	11000000	41
chr1	24500000	26500000	41
chr1	30500000	32500000	41
chr1	82000000	84000000	41
chr1	109500000	111500000	41
chr1	163000000	165000000	41
chr1	211000000	213000000	41
chr1	211500000	213500000	41
chr1	220000000	222000000	41
chr1	245000000	247000000	41
chr1	245500000	247500000	41
chr2	20000000	22000000	41
chr2	45000000	47000000	41
chr2	64000000	66000000	41
chr2	68500000	70500000	41
chr2	75000000	77000000	41
chr2	106000000	108000000	41
chr2	172500000	174500000	41
chr2	182500000	184500000	41
chr2	195000000	197000000	41
chr2	197500000	199500000	41
chr2	205000000	207000000	41
chr2	225000000	227000000	41
chr2	231000000	233000000	41
chr2	237500000	239500000	41
chr3	22000000	24000000	41
chr3	25500000	27500000	41
chr3	77000000	79000000	41
chr3	79500000	81500000	41
chr3	87000000	89000000	41
chr3	116000000	118000000	41
chr3	125000000	127000000	41
chr3	149000000	151000000	41
chr3	152000000	154000000	41
chr3	173500000	175500000	41
chr3	195000000	197000000	41
chr4	4500000	6500000	41
chr4	53500000	55500000	41
chr4	102000000	104000000	41
chr4	130000000	132000000	41
chr5	2000000	4000000	41
chr5	142000000	144000000	41
chr5	162000000	164000000	41
chr5	162500000	164500000	41
chr5	166500000	168500000	41
chr6	49500000	51500000	41
chr6	85500000	87500000	41
chr6	134000000	136000000	41
chr6	151500000	153500000	41
chr7	37500000	39500000	41
chr7	41500000	43500000	41
chr7	102000000	104000000	41
chr7	105000000	107000000	41
chr7	154500000	156500000	41
chr8	114500000	116500000	41
chr8	116000000	118000000	41
chr8	127500000	129500000	41
chr8	136000000	138000000	41
chr9	13500000	15500000	41
chr9	19000000	21000000	41
chr9	32000000	34000000	41
chr9	32500000	34500000	41
chr9	40500000	42500000	41
chr9	117000000	119000000	41
chr9	120000000	122000000	41
chr9	136000000	138000000	41
chr10	2500000	4500000	41
chr10	89000000	91000000	41
chr10	95500000	97500000	41
chr10	97500000	99500000	41
chr10	124000000	126000000	41
chr11	43000000	45000000	41
chr11	72500000	74500000	41
chr11	78500000	80500000	41
chr12	0	2000000	41
chr12	21500000	23500000	41
chr12	24500000	26500000	41
chr12	65000000	67000000	41
chr12	98500000	100500000	41
chr12	100500000	102500000	41
chr12	116000000	118000000	41
chr13	45000000	47000000	41
chr13	52500000	54500000	41
chr13	54000000	56000000	41
chr13	54500000	56500000	41
chr13	83000000	85000000	41
chr13	86500000	88500000	41
chr13	91000000	93000000	41
chr13	105500000	107500000	41
chr14	28000000	30000000	41
chr14	31000000	33000000	41
chr14	52500000	54500000	41
chr14	69000000	71000000	41
chr14	103000000	105000000	41
chr15	59500000	61500000	41
chr16	28500000	30500000	41
chr16	29500000	31500000	41
chr16	59000000	61000000	41
chr16	71500000	73500000	41
chr17	20500000	22500000	41
chr17	34000000	36000000	41
chr17	49000000	51000000	41
chr17	57000000	59000000	41
chr17	72000000	74000000	41
chr18	10000000	12000000	41
chr18	39000000	41000000	41
chr18	58000000	60000000	41
chr18	69000000	71000000	41
chr18	76000000	78000000	41
chr19	50000000	52000000	41
chr20	31000000	33000000	41
chr20	32000000	34000000	41
chr20	45000000	47000000	41
chr21	33000000	35000000	41
chr21	35500000	37500000	41
chr22	35000000	37000000	41
chr22	35500000	37500000	41
chr22	45500000	47500000	41
chr22	49000000	50818468	41
chr1	6500000	8500000	40.75
chr1	25000000	27000000	40.75
chr1	38000000	40000000	40.75
chr1	54000000	56000000	40.75
chr1	151500000	153500000	40.75
chr1	152000000	154000000	40.75
chr1	166000000	168000000	40.75
chr1	215500000	217500000	40.75
chr1	244500000	246500000	40.75
chr2	21500000	23500000	40.75
chr2	75500000	77500000	40.75
chr2	85500000	87500000	40.75
chr2	122500000	124500000	40.75
chr2	132500000	134500000	40.75
chr2	147500000	149500000	40.75
chr2	154500000	156500000	40.75
chr2	155000000	157000000	40.75
chr2	158000000	160000000	40.75
chr2	211000000	213000000	40.75
chr3	7000000	9000000	40.75
chr3	16500000	18500000	40.75
chr3	24500000	26500000	40.75
chr3	26000000	28000000	40.75
chr3	72000000	74000000	40.75
chr3	89000000	91000000	40.75
chr3	122000000	124000000	40.75
chr3	142000000	144000000	40.75
chr3	161500000	163500000	40.75
chr3	174500000	176500000	40.75
chr3	175000000	177000000	40.75
chr3	194000000	196000000	40.75
chr4	9000000	11000000	40.75
chr4	61000000	63000000	40.75
chr4	108000000	110000000	40.75
chr4	134500000	136500000	40.75
chr4	139000000	141000000	40.75
chr4	164000000	166000000	40.75
chr4	165500000	167500000	40.75
chr5	27000000	29000000	40.75
chr5	33000000	35000000	40.75
chr5	67000000	69000000	40.75
chr5	116500000	118500000	40.75
chr5	124000000	126000000	40.75
chr5	130000000	132000000	40.75
chr5	157000000	159000000	40.75
chr5	157500000	159500000	40.75
chr6	4500000	6500000	40.75
chr6	13500000	15500000	40.75
chr6	44500000	46500000	40.75
chr6	49000000	51000000	40.75
chr6	90000000	92000000	40.75
chr6	100500000	102500000	40.75
chr6	156500000	158500000	40.75
chr6	159500000	161500000	40.75
chr7	20500000	22500000	40.75
chr7	122500000	124500000	40.75
chr7	125000000	127000000	40.75
chr8	119000000	121000000	40.75
chr8	138500000	140500000	40.75
chr9	18000000	20000000	40.75
chr9	26000000	28000000	40.75
chr9	80500000	82500000	40.75
chr9	111000000	113000000	40.75
chr9	115000000	117000000	40.75
chr10	30500000	32500000	40.75
chr10	76000000	78000000	40.75
chr10	76500000	78500000	40.75
chr10	105000000	107000000	40.75
chr10	129500000	131500000	40.75
chr10	130500000	132500000	40.75
chr11	1000000	3000000	40.75
chr11	6500000	8500000	40.75
chr11	20500000	22500000	40.75
chr12	51500000	53500000	40.75
chr12	65500000	67500000	40.75
chr12	74500000	76500000	40.75
chr12	77500000	79500000	40.75
chr12	131500000	133275309	40.75
chr13	37500000	39500000	40.75
chr13	47000000	49000000	40.75
chr13	61500000	63500000	40.75
chr13	74000000	76000000	40.75
chr13	89500000	91500000	40.75
chr13	103500000	105500000	40.75
chr14	30000000	32000000	40.75
chr14	44000000	46000000	40.75
chr14	73000000	75000000	40.75
chr14	94000000	96000000	40.75
chr14	100000000	102000000	40.75
chr15	38500000	40500000	40.75
chr15	60000000	62000000	40.75
chr15	64000000	66000000	40.75
chr15	80000000	82000000	40.75
chr15	91000000	93000000	40.75
chr15	98500000	100500000	40.75
chr16	54000000	56000000	40.75
chr16	58000000	60000000	40.75
chr16	64500000	66500000	40.75
chr17	1500000	3500000	40.75
chr17	38000000	40000000	40.75
chr17	46500000	48500000	40.75
chr17	67500000	69500000	40.75
chr18	500000	2500000	40.75
chr18	5500000	7500000	40.75
chr18	47000000	49000000	40.75
chr18	54500000	56500000	40.75
chr18	61500000	63500000	40.75
chr18	68000000	70000000	40.75
chr18	76500000	78500000	40.75
chr18	77500000	79500000	40.75
chr20	31500000	33500000	40.75
chr20	37500000	39500000	40.75
chr20	55000000	57000000	40.75
chr21	16500000	18500000	40.75
chr21	36500000	38500000	40.75
chrX	26500000	28500000	40.75
chr1	2000000	4000000	40.5
chr1	38500000	40500000	40.5
chr1	104000000	106000000	40.5
chr1	111500000	113500000	40.5
chr1	118000000	120000000	40.5
chr1	158500000	160500000	40.5
chr1	168000000	170000000	40.5
chr1	180500000	182500000	40.5
chr1	218000000	220000000	40.5
chr1	232000000	234000000	40.5
chr1	239500000	241500000	40.5
chr1	242000000	244000000	40.5
chr2	15500000	17500000	40.5
chr2	23500000	25500000	40.5
chr2	113000000	115000000	40.5
chr2	169500000	171500000	40.5
chr2	179000000	181000000	40.5
chr2	223000000	225000000	40.5
chr2	226000000	228000000	40.5
chr2	238500000	240500000	40.5
chr3	4500000	6500000	40.5
chr3	28000000	30000000	40.5
chr3	39000000	41000000	40.5
chr3	115500000	117500000	40.5
chr3	120000000	122000000	40.5
chr3	126500000	128500000	40.5
chr3	184000000	186000000	40.5
chr3	185500000	187500000	40.5
chr4	2000000	4000000	40.5
chr4	87000000	89000000	40.5
chr4	116000000	118000000	40.5
chr4	117500000	119500000	40.5
chr4	135000000	137000000	40.5
chr4	136000000	138000000	40.5
chr4	157500000	159500000	40.5
chr4	163000000	165000000	40.5
chr5	19500000	21500000	40.5
chr5	38500000	40500000	40.5
chr5	43000000	45000000	40.5
chr5	64000000	66000000	40.5
chr5	78500000	80500000	40.5
chr5	79000000	81000000	40.5
chr5	85500000	87500000	40.5
chr5	106500000	108500000	40.5
chr5	133500000	135500000	40.5
chr5	166000000	168000000	40.5
chr6	4000000	6000000	40.5
chr6	13000000	15000000	40.5
chr6	21000000	23000000	40.5
chr6	62500000	64500000	40.5
chr6	64500000	66500000	40.5
chr6	97500000	99500000	40.5
chr6	138000000	140000000	40.5
chr6	148000000	150000000	40.5
chr6	160500000	162500000	40.5
chr7	13000000	15000000	40.5
chr7	83000000	85000000	40.5
chr7	94500000	96500000	40.5
chr7	124500000	126500000	40.5
chr8	62000000	64000000	40.5
chr8	74000000	76000000	40.5
chr8	93500000	95500000	40.5
chr9	97500000	99500000	40.5
chr9	119500000	121500000	40.5
chr10	6000000	8000000	40.5
chr10	24000000	26000000	40.5
chr10	98000000	100000000	40.5
chr10	100500000	102500000	40.5
chr10	102000000	104000000	40.5
chr10	128500000	130500000	40.5
chr11	40500000	42500000	40.5
chr11	49000000	51000000	40.5
chr11	93000000	95000000	40.5
chr11	119000000	121000000	40.5
chr12	7500000	9500000	40.5
chr12	61000000	63000000	40.5
chr12	119500000	121500000	40.5
chr13	40000000	42000000	40.5
chr13	45500000	47500000	40.5
chr13	82000000	84000000	40.5
chr13	99500000	101500000	40.5
chr14	55500000	57500000	40.5
chr14	82500000	84500000	40.5
chr14	97500000	99500000	40.5
chr15	50500000	52500000	40.5
chr15	53000000	55000000	40.5
chr15	79500000	81500000	40.5
chr15	100000000	101991189	40.5
chr16	3000000	5000000	40.5
chr16	9000000	11000000	40.5
chr16	9500000	11500000	40.5
chr16	54500000	56500000	40.5
chr16	73000000	75000000	40.5
chr16	73500000	75500000	40.5
chr17	21000000	23000000	40.5
chr18	4500000	6500000	40.5
chr18	7500000	9500000	40.5
chr18	37500000	39500000	40.5
chr18	51500000	53500000	40.5
chr18	72000000	74000000	40.5
chr19	8000000	10000000	40.5
chr21	33500000	35500000	40.5
chr21	45000000	46709983	40.5
chr22	38000000	40000000	40.5
chrX	143500000	145500000	40.5
chr1	1500000	3500000	40.25
chr1	32000000	34000000	40.25
chr1	54500000	56500000	40.25
chr1	68500000	70500000	40.25
chr1	110000000	112000000	40.25
chr1	168500000	170500000	40.25
chr1	194500000	196500000	40.25
chr1	246000000	248000000	40.25
chr2	0	2000000	40.25
chr2	26000000	28000000	40.25
chr2	33500000	35500000	40.25
chr2	86000000	88000000	40.25
chr2	151000000	153000000	40.25
chr2	178000000	180000000	40.25
chr2	213000000	215000000	40.25
chr2	216000000	218000000	40.25
chr3	66500000	68500000	40.25
chr3	111500000	113500000	40.25
chr3	117000000	119000000	40.25
chr3	167500000	169500000	40.25
chr3	173000000	175000000	40.25
chr3	187500000	189500000	40.25
chr3	190000000	192000000	40.25
chr4	21000000	23000000	40.25
chr4	67000000	69000000	40.25
chr4	145500000	147500000	40.25
chr4	156500000	158500000	40.25
chr5	9500000	11500000	40.25
chr5	13500000	15500000	40.25
chr5	37500000	39500000	40.25
chr5	76000000	78000000	40.25
chr5	79500000	81500000	40.25
chr5	121000000	123000000	40.25
chr5	121500000	123500000	40.25
chr5	123500000	125500000	40.25
chr5	128000000	130000000	40.25
chr5	144000000	146000000	40.25
chr6	40500000	42500000	40.25
chr6	102000000	104000000	40.25
chr6	139500000	141500000	40.25
chr6	148500000	150500000	40.25
chr6	149000000	151000000	40.25
chr6	154500000	156500000	40.25
chr7	18000000	20000000	40.25
chr7	42000000	44000000	40.25
chr7	138500000	140500000	40.25
chr7	143000000	145000000	40.25
chr7	151000000	153000000	40.25
chr8	24000000	26000000	40.25
chr8	40500000	42500000	40.25
chr8	68000000	70000000	40.25
chr8	132000000	134000000	40.25
chr9	10500000	12500000	40.25
chr9	31000000	33000000	40.25
chr9	68000000	70000000	40.25
chr9	71000000	73000000	40.25
chr9	73000000	75000000	40.25
chr9	97000000	99000000	40.25
chr10	1500000	3500000	40.25
chr10	10000000	12000000	40.25
chr10	45000000	47000000	40.25
chr10	77500000	79500000	40.25
chr10	85500000	87500000	40.25
chr10	112000000	114000000	40.25
chr10	119000000	121000000	40.25
chr10	125000000	127000000	40.25
chr11	0	2000000	40.25
chr11	6000000	8000000	40.25
chr11	18500000	20500000	40.25
chr11	36000000	38000000	40.25
chr11	48500000	50500000	40.25
chr11	79500000	81500000	40.25
chr11	80000000	82000000	40.25
chr11	80500000	82500000	40.25
chr11	106000000	108000000	40.25
chr11	106500000	108500000	40.25
chr11	114500000	116500000	40.25
chr11	115500000	117500000	40.25
chr12	20000000	22000000	40.25
chr12	24000000	26000000	40.25
chr12	63500000	65500000	40.25
chr12	80000000	82000000	40.25
chr13	37000000	39000000	40.25
chr13	86000000	88000000	40.25
chr13	87500000	89500000	40.25
chr14	44500000	46500000	40.25
chr14	48500000	50500000	40.25
chr14	91500000	93500000	40.25
chr15	57000000	59000000	40.25
chr16	57000000	59000000	40.25
chr17	71500000	73500000	40.25
chr19	27000000	29000000	40.25
chr20	13000000	15000000	40.25
chr20	14000000	16000000	40.25
chr20	19000000	21000000	40.25
chr20	20000000	22000000	40.25
chr20	46000000	48000000	40.25
chr21	30500000	32500000	40.25
chr21	43500000	45500000	40.25
chr22	25500000	27500000	40.25
chr22	37000000	39000000	40.25
chrX	14000000	16000000	40.25
chrX	73000000	75000000	40.25
chrX	90500000	92500000	40.25
chrX	125500000	127500000	40.25
chrX	138000000	140000000	40.25
chrX	139000000	141000000	40.25
chrX	140500000	142500000	40.25
chr1	12500000	14500000	40
chr1	37500000	39500000	40
chr1	60500000	62500000	40
chr1	65000000	67000000	40
chr1	84000000	86000000	40
chr1	91500000	93500000	40
chr1	110500000	112500000	40
chr1	114500000	116500000	40
chr1	197500000	199500000	40
chr1	210000000	212000000	40
chr1	228000000	230000000	40
chr2	61500000	63500000	40
chr2	66500000	68500000	40
chr2	78000000	80000000	40
chr2	84000000	86000000	40
chr2	107500000	109500000	40
chr2	115000000	117000000	40
chr2	145500000	147500000	40
chr2	175000000	177000000	40
chr2	211500000	213500000	40
chr2	220000000	222000000	40
chr2	225500000	227500000	40
chr2	231500000	233500000	40
chr2	232500000	234500000	40
chr3	7500000	9500000	40
chr3	58000000	60000000	40
chr3	79000000	81000000	40
chr3	93500000	95500000	40
chr3	130000000	132000000	40
chr3	184500000	186500000	40
chr3	192500000	194500000	40
chr3	194500000	196500000	40
chr3	196000000	198000000	40
chr4	8000000	10000000	40
chr4	54000000	56000000	40
chr4	100000000	102000000	40
chr4	116500000	118500000	40
chr4	117000000	119000000	40
chr4	147500000	149500000	40
chr4	152500000	154500000	40
chr4	154000000	156000000	40
chr4	154500000	156500000	40
chr4	162500000	164500000	40
chr5	15000000	17000000	40
chr5	23500000	25500000	40
chr5	38000000	40000000	40
chr5	50000000	52000000	40
chr5	62000000	64000000	40
chr5	133000000	135000000	40
chr5	156000000	158000000	40
chr5	158500000	160500000	40
chr5	174500000	176500000	40
chr6	22000000	24000000	40
chr6	48500000	50500000	40
chr6	52500000	54500000	40
chr6	63000000	65000000	40
chr6	67000000	69000000	40
chr6	108000000	110000000	40
chr6	133000000	135000000	40
chr7	27000000	29000000	40
chr7	40500000	42500000	40
chr7	99500000	101500000	40
chr7	104500000	106500000	40
chr7	147000000	149000000	40
chr8	16500000	18500000	40
chr8	28500000	30500000	40
chr8	31000000	33000000	40
chr8	115000000	117000000	40
chr8	120000000	122000000	40
chr8	136500000	138500000	40
chr8	140500000	142500000	40
chr9	1000000	3000000	40
chr9	18500000	20500000	40
chr9	19500000	21500000	40
chr9	28500000	30500000	40
chr9	36500000	38500000	40
chr9	81000000	83000000	40
chr10	2000000	4000000	40
chr10	16500000	18500000	40
chr10	50000000	52000000	40
chr10	61500000	63500000	40
chr10	84000000	86000000	40
chr10	85000000	87000000	40
chr10	109000000	111000000	40
chr10	113000000	115000000	40
chr10	122500000	124500000	40
chr10	131000000	133000000	40
chr11	21500000	23500000	40
chr11	30500000	32500000	40
chr11	94000000	96000000	40
chr11	103500000	105500000	40
chr11	107000000	109000000	40
chr11	116000000	118000000	40
chr12	6500000	8500000	40
chr12	88000000	90000000	40
chr13	33500000	35500000	40
chr13	61000000	63000000	40
chr13	82500000	84500000	40
chr14	27500000	29500000	40
chr14	31500000	33500000	40
chr14	51500000	53500000	40
chr14	54500000	56500000	40
chr14	77000000	79000000	40
chr16	13000000	15000000	40
chr16	57500000	59500000	40
chr16	74000000	76000000	40
chr16	74500000	76500000	40
chr16	79500000	81500000	40
chr17	7500000	9500000	40
chr17	8000000	10000000	40
chr17	53500000	55500000	40
chr18	34500000	36500000	40
chr18	44000000	46000000	40
chr18	77000000	79000000	40
chr19	9000000	11000000	40
chr19	39500000	41500000	40
chr19	42000000	44000000	40
chr19	48500000	50500000	40
chr20	12500000	14500000	40
chr20	28500000	30500000	40
chr20	38000000	40000000	40
chr20	47500000	49500000	40
chr20	49500000	51500000	40
chr21	20500000	22500000	40
chr21	26000000	28000000	40
chr21	35000000	37000000	40
chr22	38500000	40500000	40
chrX	68000000	70000000	40
chrX	116000000	118000000	40
chr1	15000000	17000000	39.75
chr1	39000000	41000000	39.75
chr1	42500000	44500000	39.75
chr1	55500000	57500000	39.75
chr1	61500000	63500000	39.75
chr1	67500000	69500000	39.75
chr1	87000000	89000000	39.75
chr1	101000000	103000000	39.75
chr1	123000000	125000000	39.75
chr1	152500000	154500000	39.75
chr1	158000000	160000000	39.75
chr1	166500000	168500000	39.75
chr1	184500000	186500000	39.75
chr1	210500000	212500000	39.75
chr1	212000000	214000000	39.75
chr1	217500000	219500000	39.75
chr1	228500000	230500000	39.75
chr1	231500000	233500000	39.75
chr2	25500000	27500000	39.75
chr2	33000000	35000000	39.75
chr2	44500000	46500000	39.75
chr2	66000000	68000000	39.75
chr2	77500000	79500000	39.75
chr2	114500000	116500000	39.75
chr2	151500000	153500000	39.75
chr2	207500000	209500000	39.75
chr2	212500000	214500000	39.75
chr2	213500000	215500000	39.75
chr2	216500000	218500000	39.75
chr3	38500000	40500000	39.75
chr3	86500000	88500000	39.75
chr3	104500000	106500000	39.75
chr3	154000000	156000000	39.75
chr3	168500000	170500000	39.75
chr3	178500000	180500000	39.75
chr4	93000000	95000000	39.75
chr4	93500000	95500000	39.75
chr4	104000000	106000000	39.75
chr4	137000000	139000000	39.75
chr5	14000000	16000000	39.75
chr5	71000000	73000000	39.75
chr5	108500000	110500000	39.75
chr5	118500000	120500000	39.75
chr5	152000000	154000000	39.75
chr6	75000000	77000000	39.75
chr6	105000000	107000000	39.75
chr6	127500000	129500000	39.75
chr6	140000000	142000000	39.75
chr6	147000000	149000000	39.75
chr7	17500000	19500000	39.75
chr7	20000000	22000000	39.75
chr7	30000000	32000000	39.75
chr7	36500000	38500000	39.75
chr7	67000000	69000000	39.75
chr7	77500000	79500000	39.75
chr7	83500000	85500000	39.75
chr7	115000000	117000000	39.75
chr7	133000000	135000000	39.75
chr8	14500000	16500000	39.75
chr8	38500000	40500000	39.75
chr8	59000000	61000000	39.75
chr8	64000000	66000000	39.75
chr8	93000000	95000000	39.75
chr8	97000000	99000000	39.75
chr8	126000000	128000000	39.75
chr9	31500000	33500000	39.75
chr9	37500000	39500000	39.75
chr9	77500000	79500000	39.75
chr9	114500000	116500000	39.75
chr9	116500000	118500000	39.75
chr9	118000000	120000000	39.75
chr10	7000000	9000000	39.75
chr10	68500000	70500000	39.75
chr10	77000000	79000000	39.75
chr10	87500000	89500000	39.75
chr10	109500000	111500000	39.75
chr10	112500000	114500000	39.75
chr11	2500000	4500000	39.75
chr11	81000000	83000000	39.75
chr11	94500000	96500000	39.75
chr11	98500000	100500000	39.75
chr11	114000000	116000000	39.75
chr12	12500000	14500000	39.75
chr12	71500000	73500000	39.75
chr12	74000000	76000000	39.75
chr12	81500000	83500000	39.75
chr14	18500000	20500000	39.75
chr14	42500000	44500000	39.75
chr14	50500000	52500000	39.75
chr15	25500000	27500000	39.75
chr15	64500000	66500000	39.75
chr15	90000000	92000000	39.75
chr16	16000000	18000000	39.75
chr16	60500000	62500000	39.75
chr17	13500000	15500000	39.75
chr18	13000000	15000000	39.75
chr18	57500000	59500000	39.75
chr18	59500000	61500000	39.75
chr18	60000000	62000000	39.75
chr18	65000000	67000000	39.75
chr18	68500000	70500000	39.75
chr18	71500000	73500000	39.75
chr19	0	2000000	39.75
chr19	10500000	12500000	39.75
chr19	12000000	14000000	39.75
chr19	12500000	14500000	39.75
chr20	23500000	25500000	39.75
chr20	24000000	26000000	39.75
chr20	36500000	38500000	39.75
chr20	54500000	56500000	39.75
chr21	37500000	39500000	39.75
chrX	65500000	67500000	39.75
chrX	136500000	138500000	39.75
chr1	23500000	25500000	39.5
chr1	24000000	26000000	39.5
chr1	27000000	29000000	39.5
chr1	40500000	42500000	39.5
chr1	56000000	58000000	39.5
chr1	98000000	100000000	39.5
chr1	108500000	110500000	39.5
chr1	192500000	194500000	39.5
chr1	199000000	201000000	39.5
chr1	201000000	203000000	39.5
chr1	212500000	214500000	39.5
chr2	12000000	14000000	39.5
chr2	12500000	14500000	39.5
chr2	15000000	17000000	39.5
chr2	16000000	18000000	39.5
chr2	77000000	79000000	39.5
chr2	110500000	112500000	39.5
chr2	111000000	113000000	39.5
chr2	148000000	150000000	39.5
chr2	148500000	150500000	39.5
chr3	16000000	18000000	39.5
chr3	21500000	23500000	39.5
chr3	57500000	59500000	39.5
chr3	58500000	60500000	39.5
chr3	97500000	99500000	39.5
chr3	102500000	104500000	39.5
chr3	112500000	114500000	39.5
chr3	127000000	129000000	39.5
chr3	147000000	149000000	39.5
chr3	150000000	152000000	39.5
chr3	159000000	161000000	39.5
chr3	179000000	181000000	39.5
chr3	185000000	187000000	39.5
chr4	94000000	96000000	39.5
chr4	111500000	113500000	39.5
chr4	153000000	155000000	39.5
chr4	181000000	183000000	39.5
chr5	2500000	4500000	39.5
chr5	7500000	9500000	39.5
chr5	26500000	28500000	39.5
chr5	62500000	64500000	39.5
chr5	80000000	82000000	39.5
chr5	98500000	100500000	39.5
chr5	132500000	134500000	39.5
chr5	146000000	148000000	39.5
chr5	167000000	169000000	39.5
chr6	81000000	83000000	39.5
chr6	105500000	107500000	39.5
chr6	106500000	108500000	39.5
chr6	160000000	162000000	39.5
chr7	6000000	8000000	39.5
chr7	87000000	89000000	39.5
chr7	133500000	135500000	39.5
chr7	146500000	148500000	39.5
chr7	147500000	149500000	39.5
chr8	6000000	8000000	39.5
chr8	19000000	21000000	39.5
chr8	23500000	25500000	39.5
chr8	32000000	34000000	39.5
chr8	95000000	97000000	39.5
chr8	108500000	110500000	39.5
chr8	134000000	136000000	39.5
chr9	11000000	13000000	39.5
chr9	71500000	73500000	39.5
chr9	81500000	83500000	39.5
chr9	111500000	113500000	39.5
chr9	112000000	114000000	39.5
chr10	6500000	8500000	39.5
chr10	8500000	10500000	39.5
chr10	9500000	11500000	39.5
chr10	45500000	47500000	39.5
chr10	115500000	117500000	39.5
chr11	32500000	34500000	39.5
chr11	77500000	79500000	39.5
chr11	96500000	98500000	39.5
chr11	99000000	101000000	39.5
chr12	14500000	16500000	39.5
chr12	60000000	62000000	39.5
chr12	97000000	99000000	39.5
chr13	31000000	33000000	39.5
chr13	71500000	73500000	39.5
chr13	72000000	74000000	39.5
chr13	80000000	82000000	39.5
chr13	80500000	82500000	39.5
chr13	85500000	87500000	39.5
chr13	103000000	105000000	39.5
chr14	49500000	51500000	39.5
chr14	51000000	53000000	39.5
chr15	45000000	47000000	39.5
chr15	51000000	53000000	39.5
chr15	52500000	54500000	39.5
chr16	29000000	31000000	39.5
chr17	6000000	8000000	39.5
chr17	31000000	33000000	39.5
chr17	56500000	58500000	39.5
chr17	70000000	72000000	39.5
chr18	6500000	8500000	39.5
chr18	7000000	9000000	39.5
chr18	48500000	50500000	39.5
chr18	49500000	51500000	39.5
chr18	55500000	57500000	39.5
chr19	8500000	10500000	39.5
chr19	36000000	38000000	39.5
chr19	49000000	51000000	39.5
chr20	30000000	32000000	39.5
chr20	38500000	40500000	39.5
chr21	16000000	18000000	39.5
chr21	31500000	33500000	39.5
chr21	32000000	34000000	39.5
chr22	22500000	24500000	39.5
chrX	5000000	7000000	39.5
chrX	87000000	89000000	39.5
chrX	87500000	89500000	39.5
chr1	36000000	38000000	39.25
chr1	77500000	79500000	39.25
chr1	106000000	108000000	39.25
chr1	160500000	162500000	39.25
chr1	161000000	163000000	39.25
chr1	161500000	163500000	39.25
chr1	162500000	164500000	39.25
chr1	165500000	167500000	39.25
chr1	213000000	215000000	39.25
chr1	243000000	245000000	39.25
chr2	69500000	71500000	39.25
chr2	175500000	177500000	39.25
chr2	188500000	190500000	39.25
chr2	198000000	200000000	39.25
chr2	209500000	211500000	39.25
chr2	237000000	239000000	39.25
chr2	239500000	241500000	39.25
chr3	46500000	48500000	39.25
chr3	100000000	102000000	39.25
chr3	139500000	141500000	39.25
chr3	151500000	153500000	39.25
chr3	168000000	170000000	39.25
chr3	183500000	185500000	39.25
chr4	24500000	26500000	39.25
chr4	61500000	63500000	39.25
chr4	73500000	75500000	39.25
chr4	74500000	76500000	39.25
chr4	75500000	77500000	39.25
chr4	96500000	98500000	39.25
chr4	128500000	130500000	39.25
chr4	153500000	155500000	39.25
chr4	178000000	180000000	39.25
chr5	4500000	6500000	39.25
chr5	39500000	41500000	39.25
chr5	40000000	42000000	39.25
chr5	65000000	67000000	39.25
chr5	66000000	68000000	39.25
chr5	113000000	115000000	39.25
chr5	120500000	122500000	39.25
chr5	155500000	157500000	39.25
chr6	9000000	11000000	39.25
chr6	12500000	14500000	39.25
chr6	34500000	36500000	39.25
chr6	39500000	41500000	39.25
chr6	40000000	42000000	39.25
chr6	50500000	52500000	39.25
chr6	106000000	108000000	39.25
chr6	124000000	126000000	39.25
chr6	143000000	145000000	39.25
chr6	165000000	167000000	39.25
chr7	11000000	13000000	39.25
chr7	29500000	31500000	39.25
chr7	41000000	43000000	39.25
chr7	70500000	72500000	39.25
chr7	74500000	76500000	39.25
chr7	128000000	130000000	39.25
chr7	151500000	153500000	39.25
chr8	49500000	51500000	39.25
chr8	87500000	89500000	39.25
chr8	116500000	118500000	39.25
chr8	126500000	128500000	39.25
chr9	33500000	35500000	39.25
chr9	70500000	72500000	39.25
chr10	17000000	19000000	39.25
chr10	25000000	27000000	39.25
chr10	30000000	32000000	39.25
chr10	35500000	37500000	39.25
chr10	64000000	66000000	39.25
chr10	69000000	71000000	39.25
chr11	19000000	21000000	39.25
chr11	21000000	23000000	39.25
chr11	54000000	56000000	39.25
chr11	77000000	79000000	39.25
chr12	8000000	10000000	39.25
chr12	11000000	13000000	39.25
chr12	87000000	89000000	39.25
chr12	120500000	122500000	39.25
chr13	36500000	38500000	39.25
chr13	46500000	48500000	39.25
chr13	50000000	52000000	39.25
chr13	53000000	55000000	39.25
chr13	85000000	87000000	39.25
chr13	96000000	98000000	39.25
chr13	102500000	104500000	39.25
chr13	111000000	113000000	39.25
chr14	26500000	28500000	39.25
chr14	29000000	31000000	39.25
chr14	30500000	32500000	39.25
chr14	53000000	55000000	39.25
chr14	58000000	60000000	39.25
chr14	93500000	95500000	39.25
chr15	79000000	81000000	39.25
chr16	26500000	28500000	39.25
chr16	72500000	74500000	39.25
chr17	71000000	73000000	39.25
chr17	80500000	82500000	39.25
chr18	43000000	45000000	39.25
chr18	43500000	45500000	39.25
chr18	49000000	51000000	39.25
chr20	19500000	21500000	39.25
chr21	41500000	43500000	39.25
chrX	137000000	139000000	39.25
chr1	17000000	19000000	39
chr1	59500000	61500000	39
chr1	111000000	113000000	39
chr1	151000000	153000000	39
chr1	213500000	215500000	39
chr1	227500000	229500000	39
chr1	246500000	248500000	39
chr2	32000000	34000000	39
chr2	37000000	39000000	39
chr2	44000000	46000000	39
chr2	83000000	85000000	39
chr2	107000000	109000000	39
chr2	132000000	134000000	39
chr2	150500000	152500000	39
chr2	240000000	242000000	39
chr3	53000000	55000000	39
chr3	65000000	67000000	39
chr3	68500000	70500000	39
chr3	95000000	97000000	39
chr3	101000000	103000000	39
chr3	101500000	103500000	39
chr3	114000000	116000000	39
chr3	149500000	151500000	39
chr3	154500000	156500000	39
chr3	169000000	171000000	39
chr4	7500000	9500000	39
chr4	34500000	36500000	39
chr4	60500000	62500000	39
chr4	68000000	70000000	39
chr4	110000000	112000000	39
chr4	156000000	158000000	39
chr4	157000000	159000000	39
chr4	172000000	174000000	39
chr4	175500000	177500000	39
chr4	187500000	189500000	39
chr5	55000000	57000000	39
chr5	90500000	92500000	39
chr5	112000000	114000000	39
chr5	112500000	114500000	39
chr5	171000000	173000000	39
chr6	69000000	71000000	39
chr6	121500000	123500000	39
chr6	150500000	152500000	39
chr6	159000000	161000000	39
chr6	164500000	166500000	39
chr7	6500000	8500000	39
chr7	19500000	21500000	39
chr7	37000000	39000000	39
chr7	38500000	40500000	39
chr7	43000000	45000000	39
chr7	92000000	94000000	39
chr7	94000000	96000000	39
chr7	102500000	104500000	39
chr8	19500000	21500000	39
chr8	27000000	29000000	39
chr8	33500000	35500000	39
chr8	35000000	37000000	39
chr8	140000000	142000000	39
chr9	82500000	84500000	39
chr9	87500000	89500000	39
chr9	104000000	106000000	39
chr9	116000000	118000000	39
chr10	9000000	11000000	39
chr10	29000000	31000000	39
chr10	38000000	40000000	39
chr10	48000000	50000000	39
chr10	48500000	50500000	39
chr10	88000000	90000000	39
chr10	89500000	91500000	39
chr10	96500000	98500000	39
chr11	23500000	25500000	39
chr11	39500000	41500000	39
chr11	43500000	45500000	39
chr11	119500000	121500000	39
chr11	121500000	123500000	39
chr12	27500000	29500000	39
chr12	28000000	30000000	39
chr12	46500000	48500000	39
chr12	57500000	59500000	39
chr12	71000000	73000000	39
chr13	39500000	41500000	39
chr13	56000000	58000000	39
chr13	56500000	58500000	39
chr13	107500000	109500000	39
chr14	52000000	54000000	39
chr15	35000000	37000000	39
chr16	23000000	25000000	39
chr16	48500000	50500000	39
chr17	40000000	42000000	39
chr17	48500000	50500000	39
chr17	73000000	75000000	39
chr17	80000000	82000000	39
chr18	27000000	29000000	39
chr18	48000000	50000000	39
chr19	14500000	16500000	39
chr19	15000000	17000000	39
chr19	20000000	22000000	39
chr20	37000000	39000000	39
chr20	50500000	52500000	39
chr21	20000000	22000000	39
chr21	31000000	33000000	39
chr22	25000000	27000000	39
chrX	8500000	10500000	39
chrX	12000000	14000000	39
chrX	86500000	88500000	39
chrX	90000000	92000000	39
chrX	100000000	102000000	39
chrX	107000000	109000000	39
chr1	22000000	24000000	38.75
chr1	122500000	124500000	38.75
chr1	169500000	171500000	38.75
chr1	198000000	200000000	38.75
chr1	207500000	209500000	38.75
chr2	35000000	37000000	38.75
chr2	38000000	40000000	38.75
chr2	42500000	44500000	38.75
chr2	71000000	73000000	38.75
chr2	239000000	241000000	38.75
chr3	69500000	71500000	38.75
chr3	100500000	102500000	38.75
chr3	143000000	145000000	38.75
chr3	175500000	177500000	38.75
chr3	192000000	194000000	38.75
chr4	11500000	13500000	38.75
chr4	47000000	49000000	38.75
chr4	60000000	62000000	38.75
chr4	74000000	76000000	38.75
chr4	84000000	86000000	38.75
chr4	92500000	94500000	38.75
chr4	159000000	161000000	38.75
chr4	173000000	175000000	38.75
chr4	177000000	179000000	38.75
chr4	188000000	190000000	38.75
chr5	3000000	5000000	38.75
chr5	12000000	14000000	38.75
chr5	63500000	65500000	38.75
chr5	117000000	119000000	38.75
chr5	120000000	122000000	38.75
chr5	123000000	125000000	38.75
chr5	161500000	163500000	38.75
chr6	53500000	55500000	38.75
chr6	119500000	121500000	38.75
chr7	12500000	14500000	38.75
chr7	25500000	27500000	38.75
chr7	44500000	46500000	38.75
chr7	104000000	106000000	38.75
chr7	114500000	116500000	38.75
chr7	135000000	137000000	38.75
chr7	144000000	146000000	38.75
chr7	152000000	154000000	38.75
chr8	12000000	14000000	38.75
chr8	20500000	22500000	38.75
chr8	47500000	49500000	38.75
chr8	138000000	140000000	38.75
chr9	88000000	90000000	38.75
chr9	129000000	131000000	38.75
chr10	28500000	30500000	38.75
chr10	63000000	65000000	38.75
chr10	90000000	92000000	38.75
chr10	96000000	98000000	38.75
chr10	100000000	102000000	38.75
chr11	1500000	3500000	38.75
chr11	61000000	63000000	38.75
chr11	78000000	80000000	38.75
chr11	102000000	104000000	38.75
chr11	102500000	104500000	38.75
chr11	103000000	105000000	38.75
chr12	7000000	9000000	38.75
chr12	13500000	15500000	38.75
chr12	49500000	51500000	38.75
chr12	72500000	74500000	38.75
chr12	73000000	75000000	38.75
chr12	87500000	89500000	38.75
chr12	108000000	110000000	38.75
chr12	120000000	122000000	38.75
chr13	70500000	72500000	38.75
chr13	79000000	81000000	38.75
chr13	96500000	98500000	38.75
chr13	111500000	113500000	38.75
chr14	29500000	31500000	38.75
chr14	34500000	36500000	38.75
chr14	103500000	105500000	38.75
chr15	78000000	80000000	38.75
chr15	89500000	91500000	38.75
chr16	3500000	5500000	38.75
chr17	54000000	56000000	38.75
chr17	69500000	71500000	38.75
chr18	0	2000000	38.75
chr18	59000000	61000000	38.75
chr19	18000000	20000000	38.75
chr19	33500000	35500000	38.75
chr20	5000000	7000000	38.75
chr20	7500000	9500000	38.75
chr20	48000000	50000000	38.75
chrX	72000000	74000000	38.75
chrX	89500000	91500000	38.75
chrX	142000000	144000000	38.75
chr1	4500000	6500000	38.5
chr1	5500000	7500000	38.5
chr1	62000000	64000000	38.5
chr1	169000000	171000000	38.5
chr1	202500000	204500000	38.5
chr1	214000000	216000000	38.5
chr2	1000000	3000000	38.5
chr2	11500000	13500000	38.5
chr2	22000000	24000000	38.5
chr2	25000000	27000000	38.5
chr2	37500000	39500000	38.5
chr2	38500000	40500000	38.5
chr2	87000000	89000000	38.5
chr2	106500000	108500000	38.5
chr2	118000000	120000000	38.5
chr2	128500000	130500000	38.5
chr2	156000000	158000000	38.5
chr2	182000000	184000000	38.5
chr2	222500000	224500000	38.5
chr2	236000000	238000000	38.5
chr3	66000000	68000000	38.5
chr3	73000000	75000000	38.5
chr3	105000000	107000000	38.5
chr3	159500000	161500000	38.5
chr3	160500000	162500000	38.5
chr3	163000000	165000000	38.5
chr4	1500000	3500000	38.5
chr4	37500000	39500000	38.5
chr4	46500000	48500000	38.5
chr4	53000000	55000000	38.5
chr4	67500000	69500000	38.5
chr4	76500000	78500000	38.5
chr4	99500000	101500000	38.5
chr5	11500000	13500000	38.5
chr5	134000000	136000000	38.5
chr5	142500000	144500000	38.5
chr6	3000000	5000000	38.5
chr6	46500000	48500000	38.5
chr6	82000000	84000000	38.5
chr6	101000000	103000000	38.5
chr6	112000000	114000000	38.5
chr6	125500000	127500000	38.5
chr6	137500000	139500000	38.5
chr7	35500000	37500000	38.5
chr7	93500000	95500000	38.5
chr7	103000000	105000000	38.5
chr7	120000000	122000000	38.5
chr7	134000000	136000000	38.5
chr7	137000000	139000000	38.5
chr8	130500000	132500000	38.5
chr8	134500000	136500000	38.5
chr8	135500000	137500000	38.5
chr9	11500000	13500000	38.5
chr9	25000000	27000000	38.5
chr9	41500000	43500000	38.5
chr9	72000000	74000000	38.5
chr9	90000000	92000000	38.5
chr10	24500000	26500000	38.5
chr10	59000000	61000000	38.5
chr10	98500000	100500000	38.5
chr10	118000000	120000000	38.5
chr10	128000000	130000000	38.5
chr11	61500000	63500000	38.5
chr11	70000000	72000000	38.5
chr12	18000000	20000000	38.5
chr13	20000000	22000000	38.5
chr13	24500000	26500000	38.5
chr13	106000000	108000000	38.5
chr13	112000000	114000000	38.5
chr14	28500000	30500000	38.5
chr14	34000000	36000000	38.5
chr14	46500000	48500000	38.5
chr14	54000000	56000000	38.5
chr14	59000000	61000000	38.5
chr14	79000000	81000000	38.5
chr15	34500000	36500000	38.5
chr15	78500000	80500000	38.5
chr16	13500000	15500000	38.5
chr16	20000000	22000000	38.5
chr16	27500000	29500000	38.5
chr17	4500000	6500000	38.5
chr17	7000000	9000000	38.5
chr17	73500000	75500000	38.5
chr18	44500000	46500000	38.5
chr18	54000000	56000000	38.5
chr18	58500000	60500000	38.5
chr19	13500000	15500000	38.5
chr19	41500000	43500000	38.5
chr21	26500000	28500000	38.5
chr21	42000000	44000000	38.5
chr22	17500000	19500000	38.5
chr22	21500000	23500000	38.5
chr22	28000000	30000000	38.5
chr22	43500000	45500000	38.5
chrX	21500000	23500000	38.5
chrX	44000000	46000000	38.5
chrX	139500000	141500000	38.5
chr1	1000000	3000000	38.25
chr1	64500000	66500000	38.25
chr1	174500000	176500000	38.25
chr1	201500000	203500000	38.25
chr1	203500000	205500000	38.25
chr2	67500000	69500000	38.25
chr2	189000000	191000000	38.25
chr2	204500000	206500000	38.25
chr2	209000000	211000000	38.25
chr2	222000000	224000000	38.25
chr3	77500000	79500000	38.25
chr3	83000000	85000000	38.25
chr3	87500000	89500000	38.25
chr3	88000000	90000000	38.25
chr3	103000000	105000000	38.25
chr3	112000000	114000000	38.25
chr3	126000000	128000000	38.25
chr3	189000000	191000000	38.25
chr4	27500000	29500000	38.25
chr4	29500000	31500000	38.25
chr4	40000000	42000000	38.25
chr4	45000000	47000000	38.25
chr4	94500000	96500000	38.25
chr4	102500000	104500000	38.25
chr4	186500000	188500000	38.25
chr4	187000000	189000000	38.25
chr5	4000000	6000000	38.25
chr5	10500000	12500000	38.25
chr5	33500000	35500000	38.25
chr5	158000000	160000000	38.25
chr6	10500000	12500000	38.25
chr6	23000000	25000000	38.25
chr6	41000000	43000000	38.25
chr6	51000000	53000000	38.25
chr6	125000000	127000000	38.25
chr7	500000	2500000	38.25
chr7	36000000	38000000	38.25
chr7	40000000	42000000	38.25
chr7	115500000	117500000	38.25
chr7	143500000	145500000	38.25
chr7	152500000	154500000	38.25
chr8	58000000	60000000	38.25
chr8	100000000	102000000	38.25
chr8	127000000	129000000	38.25
chr8	131500000	133500000	38.25
chr9	13000000	15000000	38.25
chr9	115500000	117500000	38.25
chr9	119000000	121000000	38.25
chr10	29500000	31500000	38.25
chr10	49000000	51000000	38.25
chr10	63500000	65500000	38.25
chr10	125500000	127500000	38.25
chr11	2000000	4000000	38.25
chr11	14500000	16500000	38.25
chr11	32000000	34000000	38.25
chr11	76000000	78000000	38.25
chr11	100000000	102000000	38.25
chr11	124000000	126000000	38.25
chr12	13000000	15000000	38.25
chr12	30500000	32500000	38.25
chr12	39500000	41500000	38.25
chr12	83000000	85000000	38.25
chr12	110000000	112000000	38.25
chr12	121000000	123000000	38.25
chr13	73500000	75500000	38.25
chr13	90000000	92000000	38.25
chr13	107000000	109000000	38.25
chr14	53500000	55500000	38.25
chr14	80500000	82500000	38.25
chr14	88000000	90000000	38.25
chr15	61500000	63500000	38.25
chr15	68500000	70500000	38.25
chr15	85500000	87500000	38.25
chr15	87500000	89500000	38.25
chr16	500000	2500000	38.25
chr16	10000000	12000000	38.25
chr16	59500000	61500000	38.25
chr18	33500000	35500000	38.25
chr18	42000000	44000000	38.25
chr19	14000000	16000000	38.25
chr19	33000000	35000000	38.25
chr20	48500000	50500000	38.25
chr20	49000000	51000000	38.25
chr21	14500000	16500000	38.25
chr22	18000000	20000000	38.25
chr22	21000000	23000000	38.25
chrX	21000000	23000000	38.25
chrX	123500000	125500000	38.25
chr1	19500000	21500000	38
chr1	22500000	24500000	38
chr1	25500000	27500000	38
chr1	63000000	65000000	38
chr1	184000000	186000000	38
chr1	239000000	241000000	38
chr2	500000	2500000	38
chr2	13000000	15000000	38
chr2	16500000	18500000	38
chr2	21000000	23000000	38
chr2	24500000	26500000	38
chr2	39000000	41000000	38
chr2	71500000	73500000	38
chr2	83500000	85500000	38
chr2	153500000	155500000	38
chr2	154000000	156000000	38
chr2	174500000	176500000	38
chr2	214000000	216000000	38
chr2	236500000	238500000	38
chr3	88500000	90500000	38
chr3	107000000	109000000	38
chr3	108500000	110500000	38
chr3	128000000	130000000	38
chr3	136500000	138500000	38
chr3	148000000	150000000	38
chr3	157000000	159000000	38
chr3	160000000	162000000	38
chr3	183000000	185000000	38
chr3	188500000	190500000	38
chr4	31500000	33500000	38
chr4	73000000	75000000	38
chr4	88000000	90000000	38
chr4	103000000	105000000	38
chr4	110500000	112500000	38
chr4	136500000	138500000	38
chr4	160000000	162000000	38
chr4	174500000	176500000	38
chr5	34000000	36000000	38
chr5	39000000	41000000	38
chr5	129000000	131000000	38
chr6	81500000	83500000	38
chr6	113000000	115000000	38
chr6	124500000	126500000	38
chr6	128000000	130000000	38
chr6	131500000	133500000	38
chr6	132000000	134000000	38
chr7	18500000	20500000	38
chr7	19000000	21000000	38
chr7	26500000	28500000	38
chr7	97500000	99500000	38
chr7	121000000	123000000	38
chr8	20000000	22000000	38
chr8	54500000	56500000	38
chr8	64500000	66500000	38
chr8	117000000	119000000	38
chr9	12500000	14500000	38
chr9	24500000	26500000	38
chr10	75500000	77500000	38
chr10	83500000	85500000	38
chr11	58500000	60500000	38
chr11	76500000	78500000	38
chr11	116500000	118500000	38
chr12	11500000	13500000	38
chr13	46000000	48000000	38
chr13	47500000	49500000	38
chr13	52000000	54000000	38
chr13	72500000	74500000	38
chr14	25500000	27500000	38
chr14	46000000	48000000	38
chr14	49000000	51000000	38
chr15	26000000	28000000	38
chr15	45500000	47500000	38
chr15	68000000	70000000	38
chr15	69500000	71500000	38
chr16	1500000	3500000	38
chr16	15000000	17000000	38
chr16	15500000	17500000	38
chr16	28000000	30000000	38
chr17	0	2000000	38
chr17	5000000	7000000	38
chr17	6500000	8500000	38
chr18	31500000	33500000	38
chr19	35500000	37500000	38
chr21	27500000	29500000	38
chr22	28500000	30500000	38
chrX	4500000	6500000	38
chrX	141500000	143500000	38
chr1	5000000	7000000	37.75
chr1	6000000	8000000	37.75
chr1	26500000	28500000	37.75
chr1	56500000	58500000	37.75
chr1	58500000	60500000	37.75
chr1	193000000	195000000	37.75
chr1	205500000	207500000	37.75
chr2	36500000	38500000	37.75
chr2	67000000	69000000	37.75
chr2	70500000	72500000	37.75
chr2	72500000	74500000	37.75
chr2	74000000	76000000	37.75
chr2	113500000	115500000	37.75
chr2	131000000	133000000	37.75
chr2	194500000	196500000	37.75
chr3	36500000	38500000	37.75
chr3	69000000	71000000	37.75
chr3	85500000	87500000	37.75
chr3	102000000	104000000	37.75
chr3	117500000	119500000	37.75
chr3	137000000	139000000	37.75
chr3	137500000	139500000	37.75
chr3	147500000	149500000	37.75
chr3	191000000	193000000	37.75
chr3	191500000	193500000	37.75
chr4	21500000	23500000	37.75
chr4	39000000	41000000	37.75
chr4	76000000	78000000	37.75
chr4	78000000	80000000	37.75
chr4	83500000	85500000	37.75
chr4	129500000	131500000	37.75
chr4	155500000	157500000	37.75
chr4	172500000	174500000	37.75
chr5	54000000	56000000	37.75
chr5	54500000	56500000	37.75
chr5	97500000	99500000	37.75
chr5	98000000	100000000	37.75
chr5	117500000	119500000	37.75
chr5	136500000	138500000	37.75
chr5	137000000	139000000	37.75
chr5	145000000	147000000	37.75
chr5	160500000	162500000	37.75
chr5	177500000	179500000	37.75
chr6	45000000	47000000	37.75
chr6	53000000	55000000	37.75
chr6	73000000	75000000	37.75
chr6	108500000	110500000	37.75
chr6	146500000	148500000	37.75
chr6	165500000	167500000	37.75
chr7	93000000	95000000	37.75
chr7	105500000	107500000	37.75
chr8	29000000	31000000	37.75
chr8	37000000	39000000	37.75
chr8	72000000	74000000	37.75
chr8	115500000	117500000	37.75
chr9	40000000	42000000	37.75
chr9	106000000	108000000	37.75
chr9	113500000	115500000	37.75
chr9	114000000	116000000	37.75
chr9	118500000	120500000	37.75
chr10	68000000	70000000	37.75
chr10	99000000	101000000	37.75
chr10	99500000	101500000	37.75
chr10	118500000	120500000	37.75
chr11	14000000	16000000	37.75
chr11	44000000	46000000	37.75
chr11	62500000	64500000	37.75
chr11	67000000	69000000	37.75
chr12	8500000	10500000	37.75
chr12	19500000	21500000	37.75
chr12	82000000	84000000	37.75
chr12	85500000	87500000	37.75
chr12	106500000	108500000	37.75
chr13	31500000	33500000	37.75
chr13	62000000	64000000	37.75
chr13	73000000	75000000	37.75
chr13	110000000	112000000	37.75
chr14	85500000	87500000	37.75
chr14	90000000	92000000	37.75
chr15	23000000	25000000	37.75
chr15	55000000	57000000	37.75
chr15	62000000	64000000	37.75
chr15	65000000	67000000	37.75
chr16	27000000	29000000	37.75
chr16	65500000	67500000	37.75
chr16	72000000	74000000	37.75
chr16	88500000	90338345	37.75
chr17	14000000	16000000	37.75
chr18	32000000	34000000	37.75
chr19	38500000	40500000	37.75
chr20	24500000	26500000	37.75
chr20	51000000	53000000	37.75
chr21	15500000	17500000	37.75
chr21	34000000	36000000	37.75
chrX	22000000	24000000	37.75
chrX	55500000	57500000	37.75
chrX	91500000	93500000	37.75
chrX	146000000	148000000	37.75
chrX	146500000	148500000	37.75
chr1	26000000	28000000	37.5
chr1	57000000	59000000	37.5
chr1	76000000	78000000	37.5
chr1	77000000	79000000	37.5
chr1	82500000	84500000	37.5
chr1	83500000	85500000	37.5
chr1	194000000	196000000	37.5
chr1	208500000	210500000	37.5
chr2	34500000	36500000	37.5
chr2	43000000	45000000	37.5
chr2	43500000	45500000	37.5
chr2	82500000	84500000	37.5
chr2	177500000	179500000	37.5
chr2	208500000	210500000	37.5
chr3	31000000	33000000	37.5
chr3	90000000	92000000	37.5
chr3	113500000	115500000	37.5
chr3	124500000	126500000	37.5
chr3	178000000	180000000	37.5
chr4	13500000	15500000	37.5
chr4	45500000	47500000	37.5
chr4	129000000	131000000	37.5
chr4	155000000	157000000	37.5
chr4	169500000	171500000	37.5
chr5	8000000	10000000	37.5
chr5	161000000	163000000	37.5
chr5	170500000	172500000	37.5
chr5	175000000	177000000	37.5
chr6	22500000	24500000	37.5
chr6	82500000	84500000	37.5
chr6	101500000	103500000	37.5
chr6	111500000	113500000	37.5
chr6	143500000	145500000	37.5
chr6	150000000	152000000	37.5
chr7	73000000	75000000	37.5
chr7	103500000	105500000	37.5
chr7	157500000	159345973	37.5
chr8	28000000	30000000	37.5
chr8	85000000	87000000	37.5
chr8	98500000	100500000	37.5
chr8	119500000	121500000	37.5
chr9	84000000	86000000	37.5
chr9	88500000	90500000	37.5
chr9	89000000	91000000	37.5
chr9	89500000	91500000	37.5
chr9	121500000	123500000	37.5
chr10	49500000	51500000	37.5
chr10	75000000	77000000	37.5
chr11	65000000	67000000	37.5
chr11	86000000	88000000	37.5
chr12	12000000	14000000	37.5
chr12	31000000	33000000	37.5
chr12	39000000	41000000	37.5
chr12	72000000	74000000	37.5
chr12	95000000	97000000	37.5
chr13	90500000	92500000	37.5
chr13	110500000	112500000	37.5
chr14	35000000	37000000	37.5
chr14	35500000	37500000	37.5
chr14	45500000	47500000	37.5
chr14	92000000	94000000	37.5
chr14	92500000	94500000	37.5
chr15	22500000	24500000	37.5
chr17	17000000	19000000	37.5
chr18	31000000	33000000	37.5
chr18	52500000	54500000	37.5
chr19	32500000	34500000	37.5
chr21	25500000	27500000	37.5
chr22	16000000	18000000	37.5
chr22	24500000	26500000	37.5
chrX	66500000	68500000	37.5
chrX	102500000	104500000	37.5
chrX	118500000	120500000	37.5
chrX	136000000	138000000	37.5
chr1	10000000	12000000	37.25
chr1	105000000	107000000	37.25
chr1	209500000	211500000	37.25
chr2	84500000	86500000	37.25
chr2	173000000	175000000	37.25
chr3	14000000	16000000	37.25
chr3	65500000	67500000	37.25
chr3	114500000	116500000	37.25
chr4	86500000	88500000	37.25
chr4	92000000	94000000	37.25
chr4	159500000	161500000	37.25
chr4	167500000	169500000	37.25
chr4	177500000	179500000	37.25
chr5	3500000	5500000	37.25
chr5	32500000	34500000	37.25
chr5	170000000	172000000	37.25
chr5	175500000	177500000	37.25
chr6	97000000	99000000	37.25
chr6	121000000	123000000	37.25
chr6	140500000	142500000	37.25
chr7	74000000	76000000	37.25
chr7	141500000	143500000	37.25
chr8	15000000	17000000	37.25
chr8	35500000	37500000	37.25
chr8	57500000	59500000	37.25
chr8	92000000	94000000	37.25
chr8	99000000	101000000	37.25
chr9	39500000	41500000	37.25
chr9	112500000	114500000	37.25
chr10	7500000	9500000	37.25
chr10	14500000	16500000	37.25
chr10	66000000	68000000	37.25
chr10	104000000	106000000	37.25
chr10	111000000	113000000	37.25
chr10	111500000	113500000	37.25
chr11	13500000	15500000	37.25
chr11	44500000	46500000	37.25
chr11	107500000	109500000	37.25
chr12	14000000	16000000	37.25
chr12	59500000	61500000	37.25
chr12	63000000	65000000	37.25
chr14	24500000	26500000	37.25
chr14	26000000	28000000	37.25
chr14	75500000	77500000	37.25
chr14	102000000	104000000	37.25
chr15	61000000	63000000	37.25
chr16	22500000	24500000	37.25
chr17	65000000	67000000	37.25
chr17	74500000	76500000	37.25
chr18	14000000	16000000	37.25
chr18	33000000	35000000	37.25
chr18	42500000	44500000	37.25
chr19	19000000	21000000	37.25
chr20	20500000	22500000	37.25
chr21	32500000	34500000	37.25
chr22	16500000	18500000	37.25
chrX	11500000	13500000	37.25
chrX	74500000	76500000	37.25
chrX	134000000	136000000	37.25
chrX	135000000	137000000	37.25
chr1	91000000	93000000	37
chr1	105500000	107500000	37
chr1	120000000	122000000	37
chr1	181000000	183000000	37
chr1	202000000	204000000	37
chr2	74500000	76500000	37
chr2	108000000	110000000	37
chr2	157500000	159500000	37
chr2	186500000	188500000	37
chr2	188000000	190000000	37
chr2	219000000	221000000	37
chr2	220500000	222500000	37
chr3	37500000	39500000	37
chr3	43000000	45000000	37
chr3	81500000	83500000	37
chr3	106500000	108500000	37
chr3	141500000	143500000	37
chr4	12000000	14000000	37
chr4	19500000	21500000	37
chr4	104500000	106500000	37
chr5	73500000	75500000	37
chr5	82500000	84500000	37
chr5	108000000	110000000	37
chr5	128500000	130500000	37
chr5	145500000	147500000	37
chr5	169500000	171500000	37
chr6	23500000	25500000	37
chr6	32500000	34500000	37
chr6	41500000	43500000	37
chr6	56500000	58500000	37
chr6	168000000	170000000	37
chr7	73500000	75500000	37
chr7	140000000	142000000	37
chr7	140500000	142500000	37
chr7	146000000	148000000	37
chr8	32500000	34500000	37
chr8	36500000	38500000	37
chr8	58500000	60500000	37
chr8	139500000	141500000	37
chr9	12000000	14000000	37
chr9	34000000	36000000	37
chr9	38000000	40000000	37
chr10	35000000	37000000	37
chr10	41000000	43000000	37
chr10	116500000	118500000	37
chr10	127500000	129500000	37
chr11	64000000	66000000	37
chr12	58000000	60000000	37
chr12	60500000	62500000	37
chr12	61500000	63500000	37
chr12	96500000	98500000	37
chr13	33000000	35000000	37
chr13	55000000	57000000	37
chr14	25000000	27000000	37
chr15	30500000	32500000	37
chr15	41000000	43000000	37
chr15	73000000	75000000	37
chr15	90500000	92500000	37
chr17	40500000	42500000	37
chr18	6000000	8000000	37
chr18	45000000	47000000	37
chr18	45500000	47500000	37
chr19	41000000	43000000	37
chr19	49500000	51500000	37
chr20	23000000	25000000	37
chr20	41500000	43500000	37
chr21	22500000	24500000	37
chr21	30000000	32000000	37
chr22	22000000	24000000	37
chr22	27500000	29500000	37
chrX	78000000	80000000	37
chrX	108500000	110500000	37
chrX	134500000	136500000	37
chrX	138500000	140500000	37
chr1	16500000	18500000	36.75
chr1	59000000	61000000	36.75
chr1	61000000	63000000	36.75
chr1	97500000	99500000	36.75
chr1	104500000	106500000	36.75
chr1	243500000	245500000	36.75
chr1	247000000	248956422	36.75
chr2	20500000	22500000	36.75
chr2	73500000	75500000	36.75
chr2	76000000	78000000	36.75
chr2	131500000	133500000	36.75
chr3	38000000	40000000	36.75
chr3	78500000	80500000	36.75
chr3	110500000	112500000	36.75
chr3	111000000	113000000	36.75
chr3	115000000	117000000	36.75
chr4	68500000	70500000	36.75
chr4	160500000	162500000	36.75
chr4	161500000	163500000	36.75
chr5	11000000	13000000	36.75
chr5	23000000	25000000	36.75
chr5	75500000	77500000	36.75
chr5	83000000	85000000	36.75
chr5	88000000	90000000	36.75
chr5	138500000	140500000	36.75
chr5	146500000	148500000	36.75
chr5	176500000	178500000	36.75
chr5	177000000	179000000	36.75
chr6	93000000	95000000	36.75
chr6	111000000	113000000	36.75
chr6	141000000	143000000	36.75
chr7	42500000	44500000	36.75
chr7	45500000	47500000	36.75
chr7	76500000	78500000	36.75
chr7	77000000	79000000	36.75
chr7	84500000	86500000	36.75
chr7	87500000	89500000	36.75
chr7	121500000	123500000	36.75
chr8	38000000	40000000	36.75
chr8	67500000	69500000	36.75
chr8	122000000	124000000	36.75
chr9	67500000	69500000	36.75
chr10	47000000	49000000	36.75
chr10	62500000	64500000	36.75
chr10	84500000	86500000	36.75
chr10	110000000	112000000	36.75
chr10	117000000	119000000	36.75
chr10	126500000	128500000	36.75
chr11	22000000	24000000	36.75
chr11	34000000	36000000	36.75
chr11	40000000	42000000	36.75
chr11	60500000	62500000	36.75
chr11	99500000	101500000	36.75
chr11	111000000	113000000	36.75
chr11	118500000	120500000	36.75
chr12	9000000	11000000	36.75
chr12	62000000	64000000	36.75
chr12	80500000	82500000	36.75
chr12	101000000	103000000	36.75
chr12	107500000	109500000	36.75
chr13	19000000	21000000	36.75
chr13	20500000	22500000	36.75
chr13	32000000	34000000	36.75
chr13	55500000	57500000	36.75
chr13	79500000	81500000	36.75
chr14	60500000	62500000	36.75
chr14	75000000	77000000	36.75
chr15	53500000	55500000	36.75
chr15	60500000	62500000	36.75
chr15	77500000	79500000	36.75
chr16	1000000	3000000	36.75
chr16	30500000	32500000	36.75
chr17	3000000	5000000	36.75
chr17	41000000	43000000	36.75
chr18	28500000	30500000	36.75
chr18	47500000	49500000	36.75
chr19	40500000	42500000	36.75
chr20	22500000	24500000	36.75
chrX	28000000	30000000	36.75
chrX	101000000	103000000	36.75
chrX	117000000	119000000	36.75
chrX	119000000	121000000	36.75
chrX	147000000	149000000	36.75
chr1	23000000	25000000	36.5
chr1	76500000	78500000	36.5
chr1	83000000	85000000	36.5
chr1	204500000	206500000	36.5
chr1	209000000	211000000	36.5
chr1	235500000	237500000	36.5
chr2	2000000	4000000	36.5
chr2	2500000	4500000	36.5
chr2	3000000	5000000	36.5
chr2	51000000	53000000	36.5
chr2	99500000	101500000	36.5
chr2	114000000	116000000	36.5
chr2	125000000	127000000	36.5
chr2	176000000	178000000	36.5
chr3	14500000	16500000	36.5
chr3	127500000	129500000	36.5
chr3	155000000	157000000	36.5
chr4	12500000	14500000	36.5
chr4	91500000	93500000	36.5
chr4	105000000	107000000	36.5
chr4	139500000	141500000	36.5
chr4	140500000	142500000	36.5
chr4	146000000	148000000	36.5
chr4	175000000	177000000	36.5
chr5	14500000	16500000	36.5
chr5	43500000	45500000	36.5
chr5	64500000	66500000	36.5
chr5	150500000	152500000	36.5
chr5	155000000	157000000	36.5
chr6	52000000	54000000	36.5
chr6	155500000	157500000	36.5
chr6	156000000	158000000	36.5
chr7	43500000	45500000	36.5
chr7	76000000	78000000	36.5
chr7	116000000	118000000	36.5
chr7	116500000	118500000	36.5
chr7	139500000	141500000	36.5
chr7	141000000	143000000	36.5
chr7	145000000	147000000	36.5
chr8	15500000	17500000	36.5
chr8	66000000	68000000	36.5
chr8	72500000	74500000	36.5
chr8	77500000	79500000	36.5
chr8	99500000	101500000	36.5
chr8	139000000	141000000	36.5
chr9	1500000	3500000	36.5
chr9	82000000	84000000	36.5
chr9	83000000	85000000	36.5
chr9	95000000	97000000	36.5
chr9	96500000	98500000	36.5
chr10	16000000	18000000	36.5
chr10	81500000	83500000	36.5
chr11	35000000	37000000	36.5
chr11	59500000	61500000	36.5
chr11	108000000	110000000	36.5
chr12	22000000	24000000	36.5
chr12	28500000	30500000	36.5
chr12	64000000	66000000	36.5
chr13	19500000	21500000	36.5
chr14	58500000	60500000	36.5
chr14	88500000	90500000	36.5
chr17	65500000	67500000	36.5
chr17	81000000	83000000	36.5
chr18	34000000	36000000	36.5
chr18	62000000	64000000	36.5
chr19	11000000	13000000	36.5
chr19	18500000	20500000	36.5
chr19	19500000	21500000	36.5
chr19	36500000	38500000	36.5
chr20	5500000	7500000	36.5
chrX	25000000	27000000	36.5
chrX	106500000	108500000	36.5
chr1	85000000	87000000	36.25
chr1	92000000	94000000	36.25
chr1	95500000	97500000	36.25
chr1	181500000	183500000	36.25
chr2	129500000	131500000	36.25
chr3	82500000	84500000	36.25
chr4	167000000	169000000	36.25
chr5	25500000	27500000	36.25
chr5	26000000	28000000	36.25
chr5	97000000	99000000	36.25
chr6	67500000	69500000	36.25
chr6	93500000	95500000	36.25
chr6	151000000	153000000	36.25
chr6	166000000	168000000	36.25
chr6	168500000	170500000	36.25
chr7	12000000	14000000	36.25
chr7	106000000	108000000	36.25
chr7	112500000	114500000	36.25
chr7	122000000	124000000	36.25
chr8	7500000	9500000	36.25
chr8	30500000	32500000	36.25
chr8	33000000	35000000	36.25
chr8	73000000	75000000	36.25
chr8	122500000	124500000	36.25
chr9	2000000	4000000	36.25
chr9	104500000	106500000	36.25
chr10	116000000	118000000	36.25
chr10	126000000	128000000	36.25
chr10	127000000	129000000	36.25
chr11	31500000	33500000	36.25
chr11	66000000	68000000	36.25
chr11	118000000	120000000	36.25
chr11	122000000	124000000	36.25
chr12	46000000	48000000	36.25
chr13	23000000	25000000	36.25
chr14	23000000	25000000	36.25
chr14	33000000	35000000	36.25
chr15	59000000	61000000	36.25
chr16	14000000	16000000	36.25
chr17	11000000	13000000	36.25
chr17	16500000	18500000	36.25
chr17	54500000	56500000	36.25
chr18	46000000	48000000	36.25
chr18	51000000	53000000	36.25
chr20	7000000	9000000	36.25
chr20	21000000	23000000	36.25
chrX	22500000	24500000	36.25
chrX	28500000	30500000	36.25
chrX	30500000	32500000	36.25
chrX	128000000	130000000	36.25
chr1	9500000	11500000	36
chr1	21500000	23500000	36
chr1	46500000	48500000	36
chr1	57500000	59500000	36
chr1	73000000	75000000	36
chr1	94000000	96000000	36
chr1	103500000	105500000	36
chr1	162000000	164000000	36
chr1	185000000	187000000	36
chr1	185500000	187500000	36
chr1	186000000	188000000	36
chr1	208000000	210000000	36
chr1	219000000	221000000	36
chr2	35500000	37500000	36
chr2	92000000	94000000	36
chr2	101000000	103000000	36
chr2	160000000	162000000	36
chr2	194000000	196000000	36
chr2	208000000	210000000	36
chr3	151000000	153000000	36
chr4	17000000	19000000	36
chr4	95000000	97000000	36
chr4	144500000	146500000	36
chr4	146500000	148500000	36
chr4	147000000	149000000	36
chr4	174000000	176000000	36
chr5	20000000	22000000	36
chr5	21500000	23500000	36
chr5	65500000	67500000	36
chr5	129500000	131500000	36
chr5	151500000	153500000	36
chr5	154500000	156500000	36
chr6	9500000	11500000	36
chr6	43000000	45000000	36
chr7	26000000	28000000	36
chr7	44000000	46000000	36
chr7	120500000	122500000	36
chr7	139000000	141000000	36
chr7	144500000	146500000	36
chr8	41000000	43000000	36
chr8	67000000	69000000	36
chr8	73500000	75500000	36
chr8	86000000	88000000	36
chr8	88000000	90000000	36
chr8	110500000	112500000	36
chr9	30500000	32500000	36
chr9	83500000	85500000	36
chr9	105500000	107500000	36
chr10	15500000	17500000	36
chr10	102500000	104500000	36
chr11	34500000	36500000	36
chr11	60000000	62000000	36
chr11	96000000	98000000	36
chr12	53500000	55500000	36
chr12	78000000	80000000	36
chr12	102500000	104500000	36
chr14	74000000	76000000	36
chr14	89500000	91500000	36
chr15	66000000	68000000	36
chr15	72500000	74500000	36
chr16	2000000	4000000	36
chr18	56500000	58500000	36
chr18	57000000	59000000	36
chr21	22000000	24000000	36
chrX	9000000	11000000	36
chrX	29000000	31000000	36
chrX	125000000	127000000	36
chrX	151500000	153500000	36
chr1	44000000	46000000	35.75
chr1	49000000	51000000	35.75
chr1	88500000	90500000	35.75
chr1	100500000	102500000	35.75
chr1	115000000	117000000	35.75
chr1	193500000	195500000	35.75
chr2	36000000	38000000	35.75
chr2	100500000	102500000	35.75
chr2	118500000	120500000	35.75
chr2	130500000	132500000	35.75
chr3	86000000	88000000	35.75
chr3	109000000	111000000	35.75
chr3	141000000	143000000	35.75
chr4	16000000	18000000	35.75
chr4	24000000	26000000	35.75
chr4	29000000	31000000	35.75
chr4	78500000	80500000	35.75
chr4	86000000	88000000	35.75
chr4	111000000	113000000	35.75
chr5	80500000	82500000	35.75
chr5	86000000	88000000	35.75
chr6	10000000	12000000	35.75
chr6	96500000	98500000	35.75
chr6	112500000	114500000	35.75
chr6	149500000	151500000	35.75
chr7	0	2000000	35.75
chr7	39000000	41000000	35.75
chr7	45000000	47000000	35.75
chr7	106500000	108500000	35.75
chr7	145500000	147500000	35.75
chr8	8000000	10000000	35.75
chr8	16000000	18000000	35.75
chr8	29500000	31500000	35.75
chr8	135000000	137000000	35.75
chr9	109500000	111500000	35.75
chr9	126000000	128000000	35.75
chr9	136500000	138394717	35.75
chr10	34500000	36500000	35.75
chr10	82000000	84000000	35.75
chr10	103000000	105000000	35.75
chr10	117500000	119500000	35.75
chr11	65500000	67500000	35.75
chr11	133500000	135086622	35.75
chr12	9500000	11500000	35.75
chr12	10000000	12000000	35.75
chr12	82500000	84500000	35.75
chr12	107000000	109000000	35.75
chr12	114000000	116000000	35.75
chr13	24000000	26000000	35.75
chr13	32500000	34500000	35.75
chr14	100500000	102500000	35.75
chr15	31000000	33000000	35.75
chr15	31500000	33500000	35.75
chr16	11500000	13500000	35.75
chr17	2500000	4500000	35.75
chr17	8500000	10500000	35.75
chr17	41500000	43500000	35.75
chr17	56000000	58000000	35.75
chr17	61000000	63000000	35.75
chr17	74000000	76000000	35.75
chr21	15000000	17000000	35.75
chr21	21000000	23000000	35.75
chr21	21500000	23500000	35.75
chrX	73500000	75500000	35.75
chrX	74000000	76000000	35.75
chrX	101500000	103500000	35.75
chrX	116500000	118500000	35.75
chrX	124000000	126000000	35.75
chrX	142500000	144500000	35.75
chr1	21000000	23000000	35.5
chr1	62500000	64500000	35.5
chr1	215000000	217000000	35.5
chr1	238500000	240500000	35.5
chr2	129000000	131000000	35.5
chr2	133000000	135000000	35.5
chr2	221000000	223000000	35.5
chr2	240500000	242193529	35.5
chr3	105500000	107500000	35.5
chr4	89000000	91000000	35.5
chr4	91000000	93000000	35.5
chr4	161000000	163000000	35.5
chr4	166000000	168000000	35.5
chr4	171500000	173500000	35.5
chr5	22000000	24000000	35.5
chr5	63000000	65000000	35.5
chr5	81000000	83000000	35.5
chr5	179500000	181500000	35.5
chr6	46000000	48000000	35.5
chr6	73500000	75500000	35.5
chr7	46500000	48500000	35.5
chr7	49500000	51500000	35.5
chr7	142500000	144500000	35.5
chr8	27500000	29500000	35.5
chr8	65500000	67500000	35.5
chr8	75000000	77000000	35.5
chr8	76000000	78000000	35.5
chr9	2500000	4500000	35.5
chr9	108000000	110000000	35.5
chr11	64500000	66500000	35.5
chr11	72000000	74000000	35.5
chr12	45500000	47500000	35.5
chr13	51000000	53000000	35.5
chr13	51500000	53500000	35.5
chr14	32000000	34000000	35.5
chr14	32500000	34500000	35.5
chr14	59500000	61500000	35.5
chr14	67500000	69500000	35.5
chr15	65500000	67500000	35.5
chr16	48000000	50000000	35.5
chr17	37500000	39500000	35.5
chr17	51500000	53500000	35.5
chr17	67000000	69000000	35.5
chr19	57000000	58617616	35.5
chr21	42500000	44500000	35.5
chr22	17000000	19000000	35.5
chrX	14500000	16500000	35.5
chrX	70000000	72000000	35.5
chrX	78500000	80500000	35.5
chrX	115500000	117500000	35.5
chrX	121500000	123500000	35.5
chrX	140000000	142000000	35.5
chr1	41000000	43000000	35.25
chr1	41500000	43500000	35.25
chr1	58000000	60000000	35.25
chr1	183500000	185500000	35.25
chr1	218500000	220500000	35.25
chr2	63500000	65500000	35.25
chr2	91500000	93500000	35.25
chr2	136000000	138000000	35.25
chr2	156500000	158500000	35.25
chr2	179500000	181500000	35.25
chr3	85000000	87000000	35.25
chr3	122500000	124500000	35.25
chr3	150500000	152500000	35.25
chr3	176000000	178000000	35.25
chr4	46000000	48000000	35.25
chr4	51500000	53500000	35.25
chr4	85000000	87000000	35.25
chr4	95500000	97500000	35.25
chr5	22500000	24500000	35.25
chr5	137500000	139500000	35.25
chr5	141000000	143000000	35.25
chr5	147000000	149000000	35.25
chr5	150000000	152000000	35.25
chr6	42000000	44000000	35.25
chr6	155000000	157000000	35.25
chr7	39500000	41500000	35.25
chr7	107000000	109000000	35.25
chr8	6500000	8500000	35.25
chr8	7000000	9000000	35.25
chr8	36000000	38000000	35.25
chr8	47000000	49000000	35.25
chr8	84500000	86500000	35.25
chr8	131000000	133000000	35.25
chr9	99500000	101500000	35.25
chr9	109000000	111000000	35.25
chr11	59000000	61000000	35.25
chr11	62000000	64000000	35.25
chr11	95500000	97500000	35.25
chr11	120000000	122000000	35.25
chr12	29000000	31000000	35.25
chr12	47500000	49500000	35.25
chr12	73500000	75500000	35.25
chr12	79000000	81000000	35.25
chr12	95500000	97500000	35.25
chr14	89000000	91000000	35.25
chr14	104000000	106000000	35.25
chr15	49000000	51000000	35.25
chr15	51500000	53500000	35.25
chr15	67000000	69000000	35.25
chr15	67500000	69500000	35.25
chr16	31000000	33000000	35.25
chr17	34500000	36500000	35.25
chr17	35000000	37000000	35.25
chr18	20500000	22500000	35.25
chr18	27500000	29500000	35.25
chr18	53000000	55000000	35.25
chr19	11500000	13500000	35.25
chr20	36000000	38000000	35.25
chrX	79000000	81000000	35.25
chrX	131500000	133500000	35.25
chr1	52000000	54000000	35
chr1	204000000	206000000	35
chr2	81500000	83500000	35
chr2	119500000	121500000	35
chr2	157000000	159000000	35
chr3	28500000	30500000	35
chr3	37000000	39000000	35
chr3	44500000	46500000	35
chr3	74000000	76000000	35
chr3	97000000	99000000	35
chr3	129500000	131500000	35
chr3	164000000	166000000	35
chr4	500000	2500000	35
chr4	13000000	15000000	35
chr4	140000000	142000000	35
chr4	158000000	160000000	35
chr4	166500000	168500000	35
chr5	9000000	11000000	35
chr5	88500000	90500000	35
chr5	89000000	91000000	35
chr5	138000000	140000000	35
chr6	45500000	47500000	35
chr6	68500000	70500000	35
chr7	92500000	94500000	35
chr7	111000000	113000000	35
chr8	30000000	32000000	35
chr8	65000000	67000000	35
chr8	81000000	83000000	35
chr8	125000000	127000000	35
chr9	113000000	115000000	35
chr10	15000000	17000000	35
chr11	28000000	30000000	35
chr11	85000000	87000000	35
chr11	117000000	119000000	35
chr12	58500000	60500000	35
chr12	78500000	80500000	35
chr14	23500000	25500000	35
chr14	87500000	89500000	35
chr14	93000000	95000000	35
chr15	54500000	56500000	35
chr15	66500000	68500000	35
chr15	70000000	72000000	35
chr16	14500000	16500000	35
chr17	44000000	46000000	35
chr17	46000000	48000000	35
chr17	66500000	68500000	35
chr18	56000000	58000000	35
chr18	62500000	64500000	35
chr22	45000000	47000000	35
chrX	23000000	25000000	35
chrX	67000000	69000000	35
chrX	100500000	102500000	35
chr1	16000000	18000000	34.75
chr1	117500000	119500000	34.75
chr1	149000000	151000000	34.75
chr1	156000000	158000000	34.75
chr2	70000000	72000000	34.75
chr2	123000000	125000000	34.75
chr2	145000000	147000000	34.75
chr2	176500000	178500000	34.75
chr2	189500000	191500000	34.75
chr3	95500000	97500000	34.75
chr3	163500000	165500000	34.75
chr4	16500000	18500000	34.75
chr4	96000000	98000000	34.75
chr5	20500000	22500000	34.75
chr5	87500000	89500000	34.75
chr5	107000000	109000000	34.75
chr5	107500000	109500000	34.75
chr7	50500000	52500000	34.75
chr8	78000000	80000000	34.75
chr9	96000000	98000000	34.75
chr10	71000000	73000000	34.75
chr10	110500000	112500000	34.75
chr10	132000000	133797422	34.75
chr11	31000000	33000000	34.75
chr11	73000000	75000000	34.75
chr11	117500000	119500000	34.75
chr11	122500000	124500000	34.75
chr12	10500000	12500000	34.75
chr12	22500000	24500000	34.75
chr12	45000000	47000000	34.75
chr12	52000000	54000000	34.75
chr13	106500000	108500000	34.75
chr14	18000000	20000000	34.75
chr14	24000000	26000000	34.75
chr14	68000000	70000000	34.75
chr15	48500000	50500000	34.75
chr16	67500000	69500000	34.75
chr17	42500000	44500000	34.75
chr18	50500000	52500000	34.75
chr19	34000000	36000000	34.75
chr19	38000000	40000000	34.75
chrX	39500000	41500000	34.75
chrX	57000000	59000000	34.75
chrX	117500000	119500000	34.75
chrX	118000000	120000000	34.75
chrX	151000000	153000000	34.75
chr1	64000000	66000000	34.5
chr1	97000000	99000000	34.5
chr2	73000000	75000000	34.5
chr2	94500000	96500000	34.5
chr2	101500000	103500000	34.5
chr2	130000000	132000000	34.5
chr2	174000000	176000000	34.5
chr3	74500000	76500000	34.5
chr3	110000000	112000000	34.5
chr3	177500000	179500000	34.5
chr3	181500000	183500000	34.5
chr3	196500000	198295559	34.5
chr4	34000000	36000000	34.5
chr4	85500000	87500000	34.5
chr4	89500000	91500000	34.5
chr4	90000000	92000000	34.5
chr4	90500000	92500000	34.5
chr5	90000000	92000000	34.5
chr6	68000000	70000000	34.5
chr6	120500000	122500000	34.5
chr7	11500000	13500000	34.5
chr7	46000000	48000000	34.5
chr8	86500000	88500000	34.5
chr9	67000000	69000000	34.5
chr10	22000000	24000000	34.5
chr10	33500000	35500000	34.5
chr11	26500000	28500000	34.5
chr11	35500000	37500000	34.5
chr11	66500000	68500000	34.5
chr11	84000000	86000000	34.5
chr11	84500000	86500000	34.5
chr11	85500000	87500000	34.5
chr11	121000000	123000000	34.5
chr12	18500000	20500000	34.5
chr12	23500000	25500000	34.5
chr12	62500000	64500000	34.5
chr14	74500000	76500000	34.5
chr15	30000000	32000000	34.5
chr15	54000000	56000000	34.5
chr15	69000000	71000000	34.5
chr15	73500000	75500000	34.5
chr16	10500000	12500000	34.5
chr16	11000000	13000000	34.5
chr16	34500000	36500000	34.5
chr17	55000000	57000000	34.5
chr17	59000000	61000000	34.5
chr18	13500000	15500000	34.5
chr18	64000000	66000000	34.5
chr18	64500000	66500000	34.5
chr20	25000000	27000000	34.5
chrX	4000000	6000000	34.5
chrX	9500000	11500000	34.5
chrX	82500000	84500000	34.5
chrX	141000000	143000000	34.5
chr1	122000000	124000000	34.25
chr1	205000000	207000000	34.25
chr1	214500000	216500000	34.25
chr2	52500000	54500000	34.25
chr3	52500000	54500000	34.25
chr3	164500000	166500000	34.25
chr4	47500000	49500000	34.25
chr4	77500000	79500000	34.25
chr5	86500000	88500000	34.25
chr6	132500000	134500000	34.25
chr7	51000000	53000000	34.25
chr7	109500000	111500000	34.25
chr7	142000000	144000000	34.25
chr8	77000000	79000000	34.25
chr9	42000000	44000000	34.25
chr11	75500000	77500000	34.25
chr14	60000000	62000000	34.25
chr15	42000000	44000000	34.25
chr15	44500000	46500000	34.25
chr15	52000000	54000000	34.25
chr17	52000000	54000000	34.25
chr18	32500000	34500000	34.25
chr21	27000000	29000000	34.25
chrX	30000000	32000000	34.25
chrX	43500000	45500000	34.25
chrX	67500000	69500000	34.25
chrX	135500000	137500000	34.25
chrX	148000000	150000000	34.25
chrX	152000000	154000000	34.25
chr1	15500000	17500000	34
chr1	33500000	35500000	34
chr1	85500000	87500000	34
chr1	94500000	96500000	34
chr1	95000000	97000000	34
chr1	123500000	125500000	34
chr1	156500000	158500000	34
chr2	167000000	169000000	34
chr2	173500000	175500000	34
chr3	43500000	45500000	34
chr3	78000000	80000000	34
chr4	158500000	160500000	34
chr5	8500000	10500000	34
chr6	51500000	53500000	34
chr6	56000000	58000000	34
chr6	94000000	96000000	34
chr7	98000000	100000000	34
chr7	99000000	101000000	34
chr8	37500000	39500000	34
chr8	80500000	82500000	34
chr9	66000000	68000000	34
chr9	105000000	107000000	34
chr10	23000000	25000000	34
chr10	47500000	49500000	34
chr11	95000000	97000000	34
chr11	120500000	122500000	34
chr12	23000000	25000000	34
chr12	79500000	81500000	34
chr12	81000000	83000000	34
chr13	50500000	52500000	34
chr13	112500000	114364328	34
chr14	56000000	58000000	34
chr14	77500000	79500000	34
chr15	22000000	24000000	34
chr15	28500000	30500000	34
chr15	32000000	34000000	34
chr15	41500000	43500000	34
chr15	57500000	59500000	34
chr15	87000000	89000000	34
chr16	34000000	36000000	34
chr17	26000000	28000000	34
chr17	28000000	30000000	34
chr17	42000000	44000000	34
chr17	52500000	54500000	34
chr17	53000000	55000000	34
chr17	55500000	57500000	34
chr20	21500000	23500000	34
chr22	44000000	46000000	34
chrX	20500000	22500000	34
chrX	24500000	26500000	34
chrX	27000000	29000000	34
chrX	27500000	29500000	34
chrX	131000000	133000000	34
chr1	12000000	14000000	33.75
chr1	178000000	180000000	33.75
chr2	1500000	3500000	33.75
chr2	98000000	100000000	33.75
chr2	100000000	102000000	33.75
chr2	181500000	183500000	33.75
chr3	73500000	75500000	33.75
chr3	176500000	178500000	33.75
chr3	182500000	184500000	33.75
chr4	23500000	25500000	33.75
chr4	72500000	74500000	33.75
chr4	77000000	79000000	33.75
chr5	149500000	151500000	33.75
chr6	62000000	64000000	33.75
chr6	110500000	112500000	33.75
chr7	84000000	86000000	33.75
chr9	29000000	31000000	33.75
chr9	38500000	40500000	33.75
chr9	122500000	124500000	33.75
chr10	82500000	84500000	33.75
chr11	49500000	51500000	33.75
chr11	86500000	88500000	33.75
chr11	90500000	92500000	33.75
chr12	83500000	85500000	33.75
chr13	65000000	67000000	33.75
chr13	65500000	67500000	33.75
chr14	61000000	63000000	33.75
chr14	87000000	89000000	33.75
chr15	58500000	60500000	33.75
chr15	74000000	76000000	33.75
chr17	3500000	5500000	33.75
chr18	28000000	30000000	33.75
chr18	50000000	52000000	33.75
chr18	53500000	55500000	33.75
chr19	37500000	39500000	33.75
chr21	28000000	30000000	33.75
chr21	43000000	45000000	33.75
chr22	15500000	17500000	33.75
chrX	150000000	152000000	33.75
chr1	92500000	94500000	33.5
chr1	93500000	95500000	33.5
chr2	103500000	105500000	33.5
chr2	190500000	192500000	33.5
chr2	221500000	223500000	33.5
chr3	30500000	32500000	33.5
chr3	180000000	182000000	33.5
chr4	40500000	42500000	33.5
chr4	41000000	43000000	33.5
chr4	144000000	146000000	33.5
chr4	171000000	173000000	33.5
chr6	74000000	76000000	33.5
chr6	74500000	76500000	33.5
chr7	50000000	52000000	33.5
chr8	83500000	85500000	33.5
chr9	75500000	77500000	33.5
chr10	23500000	25500000	33.5
chr11	63000000	65000000	33.5
chr11	71000000	73000000	33.5
chr12	19000000	21000000	33.5
chr12	102000000	104000000	33.5
chr13	23500000	25500000	33.5
chr14	64000000	66000000	33.5
chr14	78500000	80500000	33.5
chr14	81500000	83500000	33.5
chr15	33000000	35000000	33.5
chr15	86500000	88500000	33.5
chr17	4000000	6000000	33.5
chr17	21500000	23500000	33.5
chr17	60500000	62500000	33.5
chr19	23000000	25000000	33.5
chr20	6000000	8000000	33.5
chrX	94000000	96000000	33.5
chrX	95000000	97000000	33.5
chrX	148500000	150500000	33.5
chr1	11500000	13500000	33.25
chr1	63500000	65500000	33.25
chr1	157500000	159500000	33.25
chr1	177000000	179000000	33.25
chr1	177500000	179500000	33.25
chr1	188000000	190000000	33.25
chr1	198500000	200500000	33.25
chr1	237500000	239500000	33.25
chr2	119000000	121000000	33.25
chr2	143000000	145000000	33.25
chr3	29000000	31000000	33.25
chr3	119500000	121500000	33.25
chr3	123000000	125000000	33.25
chr3	177000000	179000000	33.25
chr4	81000000	83000000	33.25
chr4	88500000	90500000	33.25
chr5	29500000	31500000	33.25
chr5	81500000	83500000	33.25
chr5	176000000	178000000	33.25
chr7	135500000	137500000	33.25
chr7	136500000	138500000	33.25
chr8	66500000	68500000	33.25
chr8	79000000	81000000	33.25
chr8	79500000	81500000	33.25
chr8	89500000	91500000	33.25
chr8	110000000	112000000	33.25
chr9	98500000	100500000	33.25
chr9	108500000	110500000	33.25
chr9	126500000	128500000	33.25
chr11	48000000	50000000	33.25
chr12	31500000	33500000	33.25
chr12	49000000	51000000	33.25
chr12	85000000	87000000	33.25
chr14	45000000	47000000	33.25
chr14	64500000	66500000	33.25
chr14	86000000	88000000	33.25
chr15	26500000	28500000	33.25
chr15	29000000	31000000	33.25
chr15	29500000	31500000	33.25
chr17	43500000	45500000	33.25
chr17	45500000	47500000	33.25
chr20	28000000	30000000	33.25
chrX	38000000	40000000	33.25
chrX	38500000	40500000	33.25
chrX	44500000	46500000	33.25
chrX	65000000	67000000	33.25
chr1	98500000	100500000	33
chr1	101500000	103500000	33
chr1	182000000	184000000	33
chr1	183000000	185000000	33
chr1	236000000	238000000	33
chr2	52000000	54000000	33
chr2	62000000	64000000	33
chr2	82000000	84000000	33
chr2	141000000	143000000	33
chr2	187500000	189500000	33
chr3	15500000	17500000	33
chr3	128500000	130500000	33
chr3	140000000	142000000	33
chr3	156500000	158500000	33
chr5	74000000	76000000	33
chr5	149000000	151000000	33
chr6	42500000	44500000	33
chr6	54500000	56500000	33
chr6	134500000	136500000	33
chr6	146000000	148000000	33
chr7	113000000	115000000	33
chr8	84000000	86000000	33
chr9	36000000	38000000	33
chr9	66500000	68500000	33
chr9	98000000	100000000	33
chr9	122000000	124000000	33
chr10	22500000	24500000	33
chr10	61000000	63000000	33
chr10	103500000	105500000	33
chr12	38500000	40500000	33
chr13	62500000	64500000	33
chr14	82000000	84000000	33
chr14	101000000	103000000	33
chr15	28000000	30000000	33
chr15	58000000	60000000	33
chr15	74500000	76500000	33
chr15	86000000	88000000	33
chr17	15500000	17500000	33
chr22	44500000	46500000	33
chrX	3500000	5500000	33
chrX	11000000	13000000	33
chrX	24000000	26000000	33
chrX	35000000	37000000	33
chrX	130500000	132500000	33
chr1	10500000	12500000	32.75
chr1	35500000	37500000	32.75
chr1	86500000	88500000	32.75
chr1	96500000	98500000	32.75
chr1	157000000	159000000	32.75
chr2	92500000	94500000	32.75
chr2	142500000	144500000	32.75
chr3	93000000	95000000	32.75
chr3	96000000	98000000	32.75
chr3	124000000	126000000	32.75
chr3	140500000	142500000	32.75
chr4	0	2000000	32.75
chr4	18000000	20000000	32.75
chr4	22000000	24000000	32.75
chr4	44000000	46000000	32.75
chr4	48000000	50000000	32.75
chr5	21000000	23000000	32.75
chr5	44000000	46000000	32.75
chr6	54000000	56000000	32.75
chr7	56000000	58000000	32.75
chr7	98500000	100500000	32.75
chr8	75500000	77500000	32.75
chr8	143500000	145138636	32.75
chr10	60500000	62500000	32.75
chr11	63500000	65500000	32.75
chr12	84500000	86500000	32.75
chr12	101500000	103500000	32.75
chr14	78000000	80000000	32.75
chr14	101500000	103500000	32.75
chr15	43000000	45000000	32.75
chr15	46000000	48000000	32.75
chr17	14500000	16500000	32.75
chr20	22000000	24000000	32.75
chr21	29000000	31000000	32.75
chrX	39000000	41000000	32.75
chrX	92000000	94000000	32.75
chrX	102000000	104000000	32.75
chrX	119500000	121500000	32.75
chrX	149500000	151500000	32.75
chr1	71000000	73000000	32.5
chr1	176000000	178000000	32.5
chr1	237000000	239000000	32.5
chr2	121500000	123500000	32.5
chr2	163000000	165000000	32.5
chr3	82000000	84000000	32.5
chr3	106000000	108000000	32.5
chr3	109500000	111500000	32.5
chr3	118000000	120000000	32.5
chr3	155500000	157500000	32.5
chr3	156000000	158000000	32.5
chr4	83000000	85000000	32.5
chr4	105500000	107500000	32.5
chr4	141000000	143000000	32.5
chr6	57000000	59000000	32.5
chr8	46500000	48500000	32.5
chr8	54000000	56000000	32.5
chr9	35500000	37500000	32.5
chr10	34000000	36000000	32.5
chr10	83000000	85000000	32.5
chr11	27000000	29000000	32.5
chr11	27500000	29500000	32.5
chr11	70500000	72500000	32.5
chr11	71500000	73500000	32.5
chr15	27500000	29500000	32.5
chr16	20500000	22500000	32.5
chr17	16000000	18000000	32.5
chr17	66000000	68000000	32.5
chr21	29500000	31500000	32.5
chr22	15000000	17000000	32.5
chrX	29500000	31500000	32.5
chrX	40000000	42000000	32.5
chrX	109000000	111000000	32.5
chr1	238000000	240000000	32.25
chr2	51500000	53500000	32.25
chr2	120500000	122500000	32.25
chr2	193500000	195500000	32.25
chr2	217000000	219000000	32.25
chr4	107500000	109500000	32.25
chr4	188500000	190214555	32.25
chr5	147500000	149500000	32.25
chr6	109000000	111000000	32.25
chr7	110500000	112500000	32.25
chr8	76500000	78500000	32.25
chr8	96500000	98500000	32.25
chr12	59000000	61000000	32.25
chr13	63000000	65000000	32.25
chr14	86500000	88500000	32.25
chr15	77000000	79000000	32.25
chr17	20000000	22000000	32.25
chr17	43000000	45000000	32.25
chr20	6500000	8500000	32.25
chrX	133500000	135500000	32.25
chr1	42000000	44000000	32
chr1	121500000	123500000	32
chr2	78500000	80500000	32
chr2	177000000	179000000	32
chr2	191000000	193000000	32
chr3	44000000	46000000	32
chr4	71500000	73500000	32
chr4	170500000	172500000	32
chr5	68000000	70000000	32
chr5	89500000	91500000	32
chr6	110000000	112000000	32
chr6	120000000	122000000	32
chr8	50000000	52000000	32
chr8	109000000	111000000	32
chr9	65500000	67500000	32
chr10	67500000	69500000	32
chr11	45000000	47000000	32
chr13	67500000	69500000	32
chr13	70000000	72000000	32
chr14	81000000	83000000	32
chr17	44500000	46500000	32
chr17	45000000	47000000	32
chrX	15000000	17000000	32
chr1	500000	2500000	31.75
chr1	176500000	178500000	31.75
chr2	163500000	165500000	31.75
chr2	187000000	189000000	31.75
chr2	190000000	192000000	31.75
chr3	179500000	181500000	31.75
chr4	23000000	25000000	31.75
chr4	28000000	30000000	31.75
chr4	44500000	46500000	31.75
chr4	51000000	53000000	31.75
chr4	81500000	83500000	31.75
chr4	170000000	172000000	31.75
chr5	82000000	84000000	31.75
chr5	151000000	153000000	31.75
chr8	87000000	89000000	31.75
chr8	95500000	97500000	31.75
chr8	96000000	98000000	31.75
chr10	46000000	48000000	31.75
chr10	66500000	68500000	31.75
chr10	67000000	69000000	31.75
chr11	88500000	90500000	31.75
chr11	123000000	125000000	31.75
chr16	21000000	23000000	31.75
chr16	33500000	35500000	31.75
chr20	32500000	34500000	31.75
chrX	5500000	7500000	31.75
chrX	103000000	105000000	31.75
chrX	149000000	151000000	31.75
chr1	20000000	22000000	31.5
chr1	20500000	22500000	31.5
chr2	94000000	96000000	31.5
chr2	180000000	182000000	31.5
chr3	15000000	17000000	31.5
chr4	18500000	20500000	31.5
chr4	79000000	81000000	31.5
chr4	82000000	84000000	31.5
chr4	107000000	109000000	31.5
chr8	81500000	83500000	31.5
chr10	59500000	61500000	31.5
chr11	123500000	125500000	31.5
chr14	65000000	67000000	31.5
chr15	42500000	44500000	31.5
chr16	66000000	68000000	31.5
chr17	59500000	61500000	31.5
chr17	63500000	65500000	31.5
chr17	64000000	66000000	31.5
chr18	63000000	65000000	31.5
chrX	8000000	10000000	31.5
chrX	40500000	42500000	31.5
chrX	115000000	117000000	31.5
chrX	124500000	126500000	31.5
chrX	147500000	149500000	31.5
chr1	11000000	13000000	31.25
chr1	86000000	88000000	31.25
chr1	187000000	189000000	31.25
chr1	187500000	189500000	31.25
chr2	62500000	64500000	31.25
chr2	95000000	97000000	31.25
chr2	98500000	100500000	31.25
chr2	120000000	122000000	31.25
chr2	121000000	123000000	31.25
chr2	141500000	143500000	31.25
chr2	218500000	220500000	31.25
chr3	119000000	121000000	31.25
chr4	17500000	19500000	31.25
chr6	33000000	35000000	31.25
chr6	144000000	146000000	31.25
chr7	114000000	116000000	31.25
chr7	119500000	121500000	31.25
chr8	52500000	54500000	31.25
chr8	53000000	55000000	31.25
chr8	53500000	55500000	31.25
chr8	80000000	82000000	31.25
chr9	39000000	41000000	31.25
chr11	110500000	112500000	31.25
chr12	96000000	98000000	31.25
chr12	110500000	112500000	31.25
chr13	18000000	20000000	31.25
chr14	61500000	63500000	31.25
chr16	22000000	24000000	31.25
chr17	61500000	63500000	31.25
chr20	39500000	41500000	31.25
chr21	28500000	30500000	31.25
chrX	53000000	55000000	31.25
chrX	99500000	101500000	31.25
chrX	103500000	105500000	31.25
chrX	132000000	134000000	31.25
chrX	150500000	152500000	31.25
chr1	34000000	36000000	31
chr1	49500000	51500000	31
chr1	115500000	117500000	31
chr1	121000000	123000000	31
chr1	175000000	177000000	31
chr2	99000000	101000000	31
chr2	102500000	104500000	31
chr2	142000000	144000000	31
chr4	80500000	82500000	31
chr5	140500000	142500000	31
chr6	34000000	36000000	31
chr7	113500000	115500000	31
chr8	42000000	44000000	31
chr9	62500000	64500000	31
chr9	63000000	65000000	31
chr9	95500000	97500000	31
chr11	53500000	55500000	31
chr12	84000000	86000000	31
chr14	57500000	59500000	31
chr15	43500000	45500000	31
chrX	70500000	72500000	31
chrX	71500000	73500000	31
chrX	80000000	82000000	31
chrX	120500000	122500000	31
chrX	133000000	135000000	31
chr1	100000000	102000000	30.75
chr2	160500000	162500000	30.75
chr4	43500000	45500000	30.75
chr4	69000000	71000000	30.75
chr7	110000000	112000000	30.75
chr9	99000000	101000000	30.75
chr9	125000000	127000000	30.75
chr9	128500000	130500000	30.75
chr11	87000000	89000000	30.75
chr11	88000000	90000000	30.75
chr12	52500000	54500000	30.75
chr14	63500000	65500000	30.75
chr15	75000000	77000000	30.75
chr17	15000000	17000000	30.75
chr17	60000000	62000000	30.75
chr17	62000000	64000000	30.75
chr21	12500000	14500000	30.75
chrX	3000000	5000000	30.75
chrX	10000000	12000000	30.75
chrX	95500000	97500000	30.75
chr1	120500000	122500000	30.5
chr2	218000000	220000000	30.5
chr4	72000000	74000000	30.5
chr5	87000000	89000000	30.5
chr7	136000000	138000000	30.5
chr8	41500000	43500000	30.5
chr8	52000000	54000000	30.5
chr10	38500000	40500000	30.5
chr10	46500000	48500000	30.5
chr10	74500000	76500000	30.5
chr11	90000000	92000000	30.5
chr13	64500000	66500000	30.5
chr14	104500000	106500000	30.5
chr15	27000000	29000000	30.5
chr15	72000000	74000000	30.5
chrX	45500000	47500000	30.5
chrX	79500000	81500000	30.5
chrX	92500000	94500000	30.5
chrX	98500000	100500000	30.5
chrX	152500000	154500000	30.5
chr1	93000000	95000000	30.25
chr1	96000000	98000000	30.25
chr1	102500000	104500000	30.25
chr1	186500000	188500000	30.25
chr2	79000000	81000000	30.25
chr2	103000000	105000000	30.25
chr2	110000000	112000000	30.25
chr4	1000000	3000000	30.25
chr8	78500000	80500000	30.25
chr9	76500000	78500000	30.25
chr10	40500000	42500000	30.25
chr12	113500000	115500000	30.25
chr16	47500000	49500000	30.25
chr17	17500000	19500000	30.25
chr17	64500000	66500000	30.25
chr19	37000000	39000000	30.25
chrX	23500000	25500000	30.25
chrX	43000000	45000000	30.25
chrX	62500000	64500000	30.25
chrX	94500000	96500000	30.25
chr1	236500000	238500000	30
chr2	63000000	65000000	30
chr2	164000000	166000000	30
chr3	47000000	49000000	30
chr3	96500000	98500000	30
chr4	28500000	30500000	30
chr5	49500000	51500000	30
chr5	75000000	77000000	30
chr6	33500000	35500000	30
chr6	55000000	57000000	30
chr7	66500000	68500000	30
chr8	8500000	10500000	30
chr8	85500000	87500000	30
chr9	30000000	32000000	30
chr9	76000000	78000000	30
chr9	77000000	79000000	30
chr9	127500000	129500000	30
chr12	53000000	55000000	30
chr13	66000000	68000000	30
chr14	56500000	58500000	30
chr15	33500000	35500000	30
chr15	34000000	36000000	30
chr16	46500000	48500000	30
chr17	62500000	64500000	30
chr20	35500000	37500000	30
chrX	93500000	95500000	30
chr1	116500000	118500000	29.75
chr1	182500000	184500000	29.75
chr2	93000000	95000000	29.75
chr6	109500000	111500000	29.75
chr7	117000000	119000000	29.75
chr11	87500000	89500000	29.75
chr12	37500000	39500000	29.75
chrX	128500000	130500000	29.75
chr1	175500000	177500000	29.5
chr2	108500000	110500000	29.5
chr2	143500000	145500000	29.5
chr3	129000000	131000000	29.5
chr3	182000000	184000000	29.5
chr4	32000000	34000000	29.5
chr4	106500000	108500000	29.5
chr4	143500000	145500000	29.5
chr5	74500000	76500000	29.5
chr6	137000000	139000000	29.5
chr8	82000000	84000000	29.5
chr8	124000000	126000000	29.5
chr12	111500000	113500000	29.5
chr13	68000000	70000000	29.5
chr14	67000000	69000000	29.5
chr14	105000000	107000000	29.5
chr20	41000000	43000000	29.5
chrX	10500000	12500000	29.5
chrX	121000000	123000000	29.5
chr1	72500000	74500000	29.25
chr2	102000000	104000000	29.25
chr2	193000000	195000000	29.25
chr5	32000000	34000000	29.25
chr5	140000000	142000000	29.25
chr6	145000000	147000000	29.25
chr8	123000000	125000000	29.25
chr9	29500000	31500000	29.25
chr9	63500000	65500000	29.25
chr9	123000000	125000000	29.25
chr10	60000000	62000000	29.25
chr13	67000000	69000000	29.25
chr17	18000000	20000000	29.25
chr17	30500000	32500000	29.25
chrX	45000000	47000000	29.25
chrX	55000000	57000000	29.25
chrX	82000000	84000000	29.25
chr1	103000000	105000000	29
chr2	87500000	89500000	29
chr2	93500000	95500000	29
chr2	191500000	193500000	29
chr3	52000000	54000000	29
chr4	79500000	81500000	29
chr5	148500000	150500000	29
chr9	61500000	63500000	29
chr11	73500000	75500000	29
chr12	38000000	40000000	29
chr12	48000000	50000000	29
chr13	64000000	66000000	29
chr14	63000000	65000000	29
chr15	44000000	46000000	29
chr15	76500000	78500000	29
chr16	21500000	23500000	29
chr16	66500000	68500000	29
chrX	53500000	55500000	29
chrX	54500000	56500000	29
chrX	96500000	98500000	29
chrX	97000000	99000000	29
chrX	132500000	134500000	29
chr1	117000000	119000000	28.75
chr3	123500000	125500000	28.75
chr3	180500000	182500000	28.75
chr4	22500000	24500000	28.75
chr4	80000000	82000000	28.75
chr4	141500000	143500000	28.75
chr5	148000000	150000000	28.75
chr10	73500000	75500000	28.75
chr12	112000000	114000000	28.75
chr12	113000000	115000000	28.75
chr13	63500000	65500000	28.75
chr13	66500000	68500000	28.75
chr15	32500000	34500000	28.75
chr15	48000000	50000000	28.75
chr17	35500000	37500000	28.75
chr18	14500000	16500000	28.75
chr20	40000000	42000000	28.75
chr20	40500000	42500000	28.75
chrX	106000000	108000000	28.75
chr1	51500000	53500000	28.5
chr1	102000000	104000000	28.5
chr1	116000000	118000000	28.5
chr2	162500000	164500000	28.5
chr2	217500000	219500000	28.5
chr3	30000000	32000000	28.5
chr4	19000000	21000000	28.5
chr5	44500000	46500000	28.5
chr6	55500000	57500000	28.5
chr8	91500000	93500000	28.5
chr9	42500000	44500000	28.5
chr9	62000000	64000000	28.5
chr9	125500000	127500000	28.5
chr9	128000000	130000000	28.5
chr12	48500000	50500000	28.5
chr16	67000000	69000000	28.5
chr17	19500000	21500000	28.5
chr18	20000000	22000000	28.5
chrX	37500000	39500000	28.5
chrX	96000000	98000000	28.5
chrX	120000000	122000000	28.5
chr1	51000000	53000000	28.25
chr2	133500000	135500000	28.25
chr3	118500000	120500000	28.25
chr5	70500000	72500000	28.25
chr8	46000000	48000000	28.25
chr8	124500000	126500000	28.25
chr9	34500000	36500000	28.25
chr11	89500000	91500000	28.25
chr12	32500000	34500000	28.25
chr17	63000000	65000000	28.25
chr18	63500000	65500000	28.25
chr19	26500000	28500000	28.25
chr20	35000000	37000000	28.25
chrX	20000000	22000000	28.25
chrX	41000000	43000000	28.25
chrX	130000000	132000000	28.25
chr1	34500000	36500000	28
chr2	124500000	126500000	28
chr2	181000000	183000000	28
chr3	29500000	31500000	28
chr4	42500000	44500000	28
chr6	60000000	62000000	28
chr8	50500000	52500000	28
chr8	51500000	53500000	28
chr15	70500000	72500000	28
chr17	81500000	83257441	28
chrX	6000000	8000000	28
chr1	99000000	101000000	27.75
chr1	99500000	101500000	27.75
chr2	91000000	93000000	27.75
chr4	32500000	34500000	27.75
chr4	33500000	35500000	27.75
chr5	139000000	141000000	27.75
chr8	9000000	11000000	27.75
chr9	61000000	63000000	27.75
chr11	47500000	49500000	27.75
chr11	89000000	91000000	27.75
chr15	21500000	23500000	27.75
chr16	35000000	37000000	27.75
chr17	36500000	38500000	27.75
chrX	46500000	48500000	27.75
chrX	99000000	101000000	27.75
chrX	129000000	131000000	27.75
chr2	80500000	82500000	27.5
chr2	166500000	168500000	27.5
chr2	192000000	194000000	27.5
chr3	181000000	183000000	27.5
chr4	106000000	108000000	27.5
chr8	82500000	84500000	27.5
chr9	123500000	125500000	27.5
chr13	69500000	71500000	27.5
chr17	10500000	12500000	27.5
chrX	80500000	82500000	27.5
chrX	97500000	99500000	27.5
chr6	144500000	146500000	27.25
chr13	68500000	70500000	27.25
chr14	62500000	64500000	27.25
chr15	75500000	77500000	27.25
chr15	76000000	78000000	27.25
chr17	37000000	39000000	27.25
chrX	129500000	131500000	27.25
chr6	60500000	62500000	27
chr8	51000000	53000000	27
chr9	64000000	66000000	27
chr9	65000000	67000000	27
chr9	124000000	126000000	27
chr10	71500000	73500000	27
chr14	66000000	68000000	27
chr16	47000000	49000000	27
chrX	47000000	49000000	27
chrX	64500000	66500000	27
chrX	93000000	95000000	27
chr1	46000000	48000000	26.75
chr2	81000000	83000000	26.75
chr2	109000000	111000000	26.75
chr2	144000000	146000000	26.75
chr2	162000000	164000000	26.75
chr3	90500000	92500000	26.75
chr6	145500000	147500000	26.75
chr10	74000000	76000000	26.75
chr15	46500000	48500000	26.75
chr15	71000000	73000000	26.75
chr2	109500000	111500000	26.5
chr4	41500000	43500000	26.5
chr6	61500000	63500000	26.5
chr8	83000000	85000000	26.5
chr8	90000000	92000000	26.5
chr9	64500000	66500000	26.5
chr11	45500000	47500000	26.5
chr11	74000000	76000000	26.5
chr14	65500000	67500000	26.5
chr15	71500000	73500000	26.5
chr17	36000000	38000000	26.5
chrX	114500000	116500000	26.5
chr1	35000000	37000000	26.25
chr1	89000000	91000000	26.25
chr2	123500000	125500000	26.25
chr2	161000000	163000000	26.25
chr2	180500000	182500000	26.25
chr4	48500000	50500000	26.25
chr6	57500000	59500000	26.25
chr6	95500000	97500000	26.25
chr6	96000000	98000000	26.25
chr8	11500000	13500000	26.25
chr8	109500000	111500000	26.25
chr9	127000000	129000000	26.25
chr11	75000000	77000000	26.25
chr12	112500000	114500000	26.25
chr14	62000000	64000000	26.25
chr15	19500000	21500000	26.25
chr20	33000000	35000000	26.25
chr1	90500000	92500000	26
chr2	88000000	90000000	26
chr4	43000000	45000000	26
chr4	71000000	73000000	26
chr4	142000000	144000000	26
chr8	42500000	44500000	26
chr2	80000000	82000000	25.75
chr2	192500000	194500000	25.75
chr4	82500000	84500000	25.75
chr6	94500000	96500000	25.75
chr6	95000000	97000000	25.75
chr9	35000000	37000000	25.75
chr9	124500000	126500000	25.75
chr12	111000000	113000000	25.75
chr13	69000000	71000000	25.75
chr17	28500000	30500000	25.75
chr20	25500000	27500000	25.75
chr2	97500000	99500000	25.5
chr2	135500000	137500000	25.5
chr2	161500000	163500000	25.5
chr4	42000000	44000000	25.5
chr12	32000000	34000000	25.5
chr14	57000000	59000000	25.5
chr16	46000000	48000000	25.5
chrX	7500000	9500000	25.5
chrX	54000000	56000000	25.5
chrX	63000000	65000000	25.5
chrX	63500000	65500000	25.5
chr1	71500000	73500000	25.25
chr1	124000000	126000000	25.25
chr2	144500000	146500000	25.25
chr10	39000000	41000000	25.25
chr14	17500000	19500000	25.25
chr15	21000000	23000000	25.25
chr17	9000000	11000000	25.25
chrX	16500000	18500000	25.25
chrX	46000000	48000000	25.25
chr1	44500000	46500000	25
chr1	72000000	74000000	25
chr12	37000000	39000000	25
chrX	17500000	19500000	25
chrX	42500000	44500000	25
chrX	71000000	73000000	25
chrX	98000000	100000000	25
chr3	50000000	52000000	24.75
chr3	51000000	53000000	24.75
chr11	50000000	52000000	24.75
chr16	33000000	35000000	24.75
chrX	16000000	18000000	24.75
chrX	104000000	106000000	24.75
chr6	59500000	61500000	24.5
chr9	60500000	62500000	24.5
chr11	108500000	110500000	24.5
chr20	33500000	35500000	24.5
chr20	34500000	36500000	24.5
chrX	41500000	43500000	24.5
chrX	109500000	111500000	24.5
chr2	79500000	81500000	24.25
chr2	124000000	126000000	24.25
chr2	164500000	166500000	24.25
chr3	50500000	52500000	24.25
chr4	69500000	71500000	24.25
chr4	143000000	145000000	24.25
chr5	45000000	47000000	24.25
chr5	180000000	181538259	24.25
chr6	169000000	170805979	24.25
chr10	72000000	74000000	24.25
chrX	2500000	4500000	24.25
chrX	15500000	17500000	24.25
chrX	17000000	19000000	24.25
chr4	70500000	72500000	24
chr5	139500000	141500000	24
chr8	9500000	11500000	24
chr14	66500000	68500000	24
chrX	19500000	21500000	24
chrX	42000000	44000000	24
chrX	62000000	64000000	24
chrX	64000000	66000000	24
chrX	112000000	114000000	24
chrX	113500000	115500000	24
chr2	95500000	97500000	23.75
chr4	50500000	52500000	23.75
chr7	117500000	119500000	23.75
chr11	74500000	76500000	23.75
chr16	31500000	33500000	23.75
chrX	81500000	83500000	23.75
chrX	114000000	116000000	23.75
chr1	50000000	52000000	23.5
chr10	40000000	42000000	23.5
chr11	110000000	112000000	23.5
chr12	33000000	35000000	23.5
chr12	34000000	36000000	23.5
chr12	36500000	38500000	23.5
chrX	35500000	37500000	23.5
chr2	97000000	99000000	23.25
chr3	92500000	94500000	23.25
chr5	68500000	70500000	23.25
chr7	119000000	121000000	23.25
chr8	45500000	47500000	23.25
chr10	73000000	75000000	23.25
chr15	20000000	22000000	23.25
chr15	47000000	49000000	23.25
chr16	32500000	34500000	23.25
chr17	25500000	27500000	23.25
chr22	14500000	16500000	23.25
chrX	18000000	20000000	23.25
chrX	57500000	59500000	23.25
chr3	51500000	53500000	23
chr4	142500000	144500000	23
chr11	46000000	48000000	23
chr20	27500000	29500000	23
chrX	37000000	39000000	23
chr1	144500000	146500000	22.75
chr12	36000000	38000000	22.75
chr17	18500000	20500000	22.75
chr17	19000000	21000000	22.75
chr17	22000000	24000000	22.75
chrX	18500000	20500000	22.75
chrX	111500000	113500000	22.75
chr1	0	2000000	22.5
chr1	148500000	150500000	22.5
chr4	70000000	72000000	22.5
chr6	61000000	63000000	22.5
chr11	47000000	49000000	22.5
chr15	47500000	49500000	22.5
chrX	50500000	52500000	22.5
chr12	33500000	35500000	22.25
chr15	19000000	21000000	22.25
chrX	6500000	8500000	22.25
chrX	52000000	54000000	22.25
chrX	112500000	114500000	22.25
chrX	113000000	115000000	22.25
chr1	144000000	146000000	22
chr8	11000000	13000000	22
chr12	34500000	36500000	22
chrX	105000000	107000000	22
chrX	110500000	112500000	22
chr4	33000000	35000000	21.75
chr12	35500000	37500000	21.75
chr13	17500000	19500000	21.75
chrX	52500000	54500000	21.75
chrX	153000000	155000000	21.75
chr9	43000000	45000000	21.5
chr10	72500000	74500000	21.5
chr14	105500000	107043718	21.5
chrX	49500000	51500000	21.5
chrX	81000000	83000000	21.5
chrX	105500000	107500000	21.5
chr8	43000000	45000000	21.25
chr12	35000000	37000000	21.25
chr16	32000000	34000000	21.25
chrX	51000000	53000000	21.25
chr6	135000000	137000000	21
chr8	123500000	125500000	21
chr17	10000000	12000000	21
chr18	15000000	17000000	21
chr19	23500000	25500000	21
chrX	19000000	21000000	21
chr5	30000000	32000000	20.75
chr11	53000000	55000000	20.75
chr16	35500000	37500000	20.75
chrX	50000000	52000000	20.75
chr3	49500000	51500000	20.5
chr7	56500000	58500000	20.5
chr1	50500000	52500000	20.25
chr8	10500000	12500000	20.25
chr8	90500000	92500000	20.25
chrX	7000000	9000000	20.25
chr1	143500000	145500000	20
chr2	88500000	90500000	20
chr4	50000000	52000000	20
chr7	118000000	120000000	20
chr15	20500000	22500000	20
chr20	34000000	36000000	20
chrX	2000000	4000000	20
chrX	48000000	50000000	20
chr6	59000000	61000000	19.75
chr8	91000000	93000000	19.75
chr15	18500000	20500000	19.75
chr17	30000000	32000000	19.75
chrX	51500000	53500000	19.75
chr18	19500000	21500000	19.5
chrX	110000000	112000000	19.5
chr1	145000000	147000000	19.25
chr2	166000000	168000000	19.25
chr3	47500000	49500000	19.25
chr5	45500000	47500000	19.25
chr7	66000000	68000000	19.25
chr8	10000000	12000000	19.25
chr8	45000000	47000000	19.25
chr9	60000000	62000000	19.25
chr11	46500000	48500000	19.25
chr16	45500000	47500000	19.25
chrX	47500000	49500000	19.25
chrX	111000000	113000000	19.25
chr10	39500000	41500000	19
chr19	26000000	28000000	19
chrX	48500000	50500000	19
chr1	90000000	92000000	18.75
chr4	49500000	51500000	18.75
chr5	70000000	72000000	18.75
chr6	136500000	138500000	18.75
chr5	31500000	33500000	18.5
chr5	49000000	51000000	18.5
chr3	91000000	93000000	18.25
chr21	12000000	14000000	18.25
chr22	11000000	13000000	18.25
chr1	89500000	91500000	18
chr2	134000000	136000000	18
chrX	36000000	38000000	18
chr7	118500000	120500000	17.75
chr8	43500000	45500000	17.75
chr18	15500000	17500000	17.75
chrX	61500000	63500000	17.75
chr11	109000000	111000000	17.5
chr1	143000000	145000000	17.25
chr2	90500000	92500000	17.25
chr11	109500000	111500000	17.25
chrX	104500000	106500000	17.25
chr1	45000000	47000000	17
chr4	49000000	51000000	17
chrX	36500000	38500000	17
chrX	49000000	51000000	17
chr2	96500000	98500000	16.75
chr2	165000000	167000000	16.75
chr11	50500000	52500000	16.75
chr1	45500000	47500000	16.5
chr20	26000000	28000000	16.5
chr22	14000000	16000000	16.5
chr2	135000000	137000000	16.25
chr17	9500000	11500000	15.75
chr17	29000000	31000000	15.75
chr1	124500000	126500000	15.5
chr2	96000000	98000000	15.5
chr3	49000000	51000000	15.5
chr6	58000000	60000000	15.5
chr9	43500000	45500000	15.25
chr18	19000000	21000000	15
chr2	165500000	167500000	14.75
chr8	44500000	46500000	14.75
chr14	17000000	19000000	14.75
chr22	11500000	13500000	14.75
chr22	10500000	12500000	14.5
chr2	89500000	91500000	14.25
chr2	90000000	92000000	14.25
chr20	27000000	29000000	14.25
chr1	142500000	144500000	13.75
chr2	89000000	91000000	13.75
chr5	69000000	71000000	13.75
chr16	45000000	47000000	13.75
chrX	153500000	155500000	13.75
chr1	145500000	147500000	12.75
chr5	46000000	48000000	12.75
chr11	52500000	54500000	12.75
chrX	58000000	60000000	12.75
chr18	18500000	20500000	12.5
chrX	61000000	63000000	12.5
chr3	48500000	50500000	12.25
chr3	92000000	94000000	12.25
chr11	51000000	53000000	12.25
chr11	51500000	53500000	12.25
chr11	52000000	54000000	12.25
chr13	17000000	19000000	12.25
chr17	22500000	24500000	12.25
chr16	36000000	38000000	12
chr18	18000000	20000000	12
chr18	17500000	19500000	11.75
chr19	24000000	26000000	11.75
chrX	1500000	3500000	11.75
chr18	17000000	19000000	11.5
chr1	148000000	150000000	11.25
chr5	30500000	32500000	11.25
chr18	16000000	18000000	11.25
chr2	134500000	136500000	11
chr9	44000000	46000000	11
chr17	25000000	27000000	11
chr3	48000000	50000000	10.75
chr6	58500000	60500000	10.75
chr8	44000000	46000000	10.75
chr15	18000000	20000000	10.75
chr18	16500000	18500000	10.75
chr6	135500000	137500000	10.5
chr1	142000000	144000000	10.25
chr6	136000000	138000000	10.25
chr17	29500000	31500000	10.25
chr21	11500000	13500000	10.25
chr21	9000000	11000000	10
chr21	8500000	10500000	9.75
chr22	10000000	12000000	9.75
chr9	59500000	61500000	9.5
chr7	65500000	67500000	8.75
chr15	17000000	19000000	8.75
chr7	57000000	59000000	8.5
chr22	12000000	14000000	8.5
chr3	91500000	93500000	8.25
chr21	9500000	11500000	8.25
chr22	13500000	15500000	8.25
chr5	69500000	71500000	8
chr20	26500000	28500000	8
chr5	48500000	50500000	7.5
chr7	62000000	64000000	7.5
chr7	62500000	64500000	7.25
chr15	16500000	18500000	7.25
chr21	8000000	10000000	7.25
chr5	31000000	33000000	7
chr21	7500000	9500000	7
chr7	61500000	63500000	6.75
chr7	63500000	65500000	6.75
chr14	16500000	18500000	6.75
chr16	36500000	38500000	6.75
chr21	7000000	9000000	6.75
chr21	10000000	12000000	6.75
chrX	154000000	156000000	6.75
chr7	63000000	65000000	6.5
chr19	25500000	27500000	6.5
chr7	61000000	63000000	6
chr9	44500000	46500000	6
chr15	16000000	18000000	5.75
chr7	64000000	66000000	5
chr9	59000000	61000000	5
chr1	125000000	127000000	4.75
chr7	60500000	62500000	4.75
chr7	64500000	66500000	4.75
chr7	65000000	67000000	4.75
chr15	15500000	17500000	4.75
chr15	17500000	19500000	4.75
chr5	46500000	48500000	4.5
chr16	37000000	39000000	4.5
chr21	6500000	8500000	4.5
chr1	146000000	148000000	4.25
chrX	1000000	3000000	4
chrX	154500000	156040895	4
chr1	141500000	143500000	3.75
chr17	23000000	25000000	3.75
chr21	6000000	8000000	3.75
chr22	12500000	14500000	3.75
chr16	37500000	39500000	3.5
chr22	9500000	11500000	3.5
chr7	60000000	62000000	3.25
chr21	10500000	12500000	3.25
chrX	58500000	60500000	3
chrX	59000000	61000000	3
chr1	147500000	149500000	2.75
chr14	14500000	16500000	2.75
chr14	15000000	17000000	2.75
chr14	15500000	17500000	2.75
chr14	16000000	18000000	2.75
chrX	60500000	62500000	2.75
chr9	45000000	47000000	2.5
chr16	44500000	46500000	2.5
chr21	5500000	7500000	2.5
chrX	59500000	61500000	2.5
chr16	38000000	40000000	2.25
chrX	60000000	62000000	2.25
chr13	16000000	18000000	2
chr13	16500000	18500000	2
chr5	47000000	49000000	1.75
chr7	57500000	59500000	1.75
chr13	15500000	17500000	1.75
chr1	147000000	149000000	1.5
chr17	24000000	26000000	1.5
chr21	5000000	7000000	1.5
chr1	146500000	148500000	1.25
chr5	48000000	50000000	1.25
chr7	59000000	61000000	1.25
chr7	59500000	61500000	1.25
chr17	23500000	25500000	1.25
chr13	15000000	17000000	1
chr17	24500000	26500000	1
chr7	58000000	60000000	0.75
chr7	58500000	60500000	0.75
chr21	4500000	6500000	0.75
chr21	11000000	13000000	0.75
chr13	14500000	16500000	0.5
chr19	24500000	26500000	0.5
chr21	3500000	5500000	0.5
chr21	4000000	6000000	0.5
chr1	125500000	127500000	0
chr1	126000000	128000000	0
chr1	126500000	128500000	0
chr1	127000000	129000000	0
chr1	127500000	129500000	0
chr1	128000000	130000000	0
chr1	128500000	130500000	0
chr1	129000000	131000000	0
chr1	129500000	131500000	0
chr1	130000000	132000000	0
chr1	130500000	132500000	0
chr1	131000000	133000000	0
chr1	131500000	133500000	0
chr1	132000000	134000000	0
chr1	132500000	134500000	0
chr1	133000000	135000000	0
chr1	133500000	135500000	0
chr1	134000000	136000000	0
chr1	134500000	136500000	0
chr1	135000000	137000000	0
chr1	135500000	137500000	0
chr1	136000000	138000000	0
chr1	136500000	138500000	0
chr1	137000000	139000000	0
chr1	137500000	139500000	0
chr1	138000000	140000000	0
chr1	138500000	140500000	0
chr1	139000000	141000000	0
chr1	139500000	141500000	0
chr1	140000000	142000000	0
chr1	140500000	142500000	0
chr1	141000000	143000000	0
chr5	47500000	49500000	0
chr9	45500000	47500000	0
chr9	46000000	48000000	0
chr9	46500000	48500000	0
chr9	47000000	49000000	0
chr9	47500000	49500000	0
chr9	48000000	50000000	0
chr9	48500000	50500000	0
chr9	49000000	51000000	0
chr9	49500000	51500000	0
chr9	50000000	52000000	0
chr9	50500000	52500000	0
chr9	51000000	53000000	0
chr9	51500000	53500000	0
chr9	52000000	54000000	0
chr9	52500000	54500000	0
chr9	53000000	55000000	0
chr9	53500000	55500000	0
chr9	54000000	56000000	0
chr9	54500000	56500000	0
chr9	55000000	57000000	0
chr9	55500000	57500000	0
chr9	56000000	58000000	0
chr9	56500000	58500000	0
chr9	57000000	59000000	0
chr9	57500000	59500000	0
chr9	58000000	60000000	0
chr9	58500000	60500000	0
chr13	0	2000000	0
chr13	500000	2500000	0
chr13	1000000	3000000	0
chr13	1500000	3500000	0
chr13	2000000	4000000	0
chr13	2500000	4500000	0
chr13	3000000	5000000	0
chr13	3500000	5500000	0
chr13	4000000	6000000	0
chr13	4500000	6500000	0
chr13	5000000	7000000	0
chr13	5500000	7500000	0
chr13	6000000	8000000	0
chr13	6500000	8500000	0
chr13	7000000	9000000	0
chr13	7500000	9500000	0
chr13	8000000	10000000	0
chr13	8500000	10500000	0
chr13	9000000	11000000	0
chr13	9500000	11500000	0
chr13	10000000	12000000	0
chr13	10500000	12500000	0
chr13	11000000	13000000	0
chr13	11500000	13500000	0
chr13	12000000	14000000	0
chr13	12500000	14500000	0
chr13	13000000	15000000	0
chr13	13500000	15500000	0
chr13	14000000	16000000	0
chr14	0	2000000	0
chr14	500000	2500000	0
chr14	1000000	3000000	0
chr14	1500000	3500000	0
chr14	2000000	4000000	0
chr14	2500000	4500000	0
chr14	3000000	5000000	0
chr14	3500000	5500000	0
chr14	4000000	6000000	0
chr14	4500000	6500000	0
chr14	5000000	7000000	0
chr14	5500000	7500000	0
chr14	6000000	8000000	0
chr14	6500000	8500000	0
chr14	7000000	9000000	0
chr14	7500000	9500000	0
chr14	8000000	10000000	0
chr14	8500000	10500000	0
chr14	9000000	11000000	0
chr14	9500000	11500000	0
chr14	10000000	12000000	0
chr14	10500000	12500000	0
chr14	11000000	13000000	0
chr14	11500000	13500000	0
chr14	12000000	14000000	0
chr14	12500000	14500000	0
chr14	13000000	15000000	0
chr14	13500000	15500000	0
chr14	14000000	16000000	0
chr15	0	2000000	0
chr15	500000	2500000	0
chr15	1000000	3000000	0
chr15	1500000	3500000	0
chr15	2000000	4000000	0
chr15	2500000	4500000	0
chr15	3000000	5000000	0
chr15	3500000	5500000	0
chr15	4000000	6000000	0
chr15	4500000	6500000	0
chr15	5000000	7000000	0
chr15	5500000	7500000	0
chr15	6000000	8000000	0
chr15	6500000	8500000	0
chr15	7000000	9000000	0
chr15	7500000	9500000	0
chr15	8000000	10000000	0
chr15	8500000	10500000	0
chr15	9000000	11000000	0
chr15	9500000	11500000	0
chr15	10000000	12000000	0
chr15	10500000	12500000	0
chr15	11000000	13000000	0
chr15	11500000	13500000	0
chr15	12000000	14000000	0
chr15	12500000	14500000	0
chr15	13000000	15000000	0
chr15	13500000	15500000	0
chr15	14000000	16000000	0
chr15	14500000	16500000	0
chr15	15000000	17000000	0
chr16	38500000	40500000	0
chr16	39000000	41000000	0
chr16	39500000	41500000	0
chr16	40000000	42000000	0
chr16	40500000	42500000	0
chr16	41000000	43000000	0
chr16	41500000	43500000	0
chr16	42000000	44000000	0
chr16	42500000	44500000	0
chr16	43000000	45000000	0
chr16	43500000	45500000	0
chr16	44000000	46000000	0
chr19	25000000	27000000	0
chr21	0	2000000	0
chr21	500000	2500000	0
chr21	1000000	3000000	0
chr21	1500000	3500000	0
chr21	2000000	4000000	0
chr21	2500000	4500000	0
chr21	3000000	5000000	0
chr22	0	2000000	0
chr22	500000	2500000	0
chr22	1000000	3000000	0
chr22	1500000	3500000	0
chr22	2000000	4000000	0
chr22	2500000	4500000	0
chr22	3000000	5000000	0
chr22	3500000	5500000	0
chr22	4000000	6000000	0
chr22	4500000	6500000	0
chr22	5000000	7000000	0
chr22	5500000	7500000	0
chr22	6000000	8000000	0
chr22	6500000	8500000	0
chr22	7000000	9000000	0
chr22	7500000	9500000	0
chr22	8000000	10000000	0
chr22	8500000	10500000	0
chr22	9000000	11000000	0
chr22	13000000	15000000	0
chrX	0	2000000	0
chrX	500000	2500000	0
